token_address,receiver,amount
0x0000000000000000000000000000000000000404,0x38f046ae944021351ce5c2486dee3027c949858f,248722
0x0000000000000000000000000000000000000404,0x00cefa72151a53ed99c28080abad20d70b5092c7,46237.5
0x0000000000000000000000000000000000000404,0xd41f35b0eb9acc747ed2a603a06a45a2aa48e028,6862.64
0x0000000000000000000000000000000000000404,0x52105c8818daacccfea0fe295f92a7f3d525096a,4554.23
0x0000000000000000000000000000000000000404,0x9534259d678b1c45a9fe790b147706bdc35bbc4a,4529.84
0x0000000000000000000000000000000000000404,0xc05883d9977cd87169bc1ba82859c2b4e484abbf,246060
0x0000000000000000000000000000000000000404,0xd35dd9cea5b361f7a027df5cb2954ca34814843b,1372.08
0x0000000000000000000000000000000000000404,0xf99760b9385c009ad7c741038e1de583a941711e,1353.06
0x0000000000000000000000000000000000000404,0xca92755f758611bd0d688f3e84b8308aa7bc57fa,3855.2
0x0000000000000000000000000000000000000404,0x37b1a9af9ac1492ddd0cc15248bac9df40c9f495,273.042
0x0000000000000000000000000000000000000404,0x50b124786343eda92e715103642d4b3fc29c0ce1,15020
0x0000000000000000000000000000000000000404,0x7b136c96e73a65c3a9085edf6e4b77e75a8ff744,12890.7
0x0000000000000000000000000000000000000404,0x5ff4a620fe2e7ab1a947b7b1be5b1719d3c7f4ca,22.4007
0x0000000000000000000000000000000000000404,0x55c3518c1037d05aeac82cb71b2730dd6ce7d772,3575.39
0x0000000000000000000000000000000000000404,0x484b2eb9c04e5dab1454b1500ce41585753abbbd,23395.8
0x0000000000000000000000000000000000000404,0x86274cd9cb1890776c942001dd49c2625e8af8dc,1938.34
0x0000000000000000000000000000000000000404,0x4c69050267e0311e4a97e3f7f19ead544feda422,797.507
0x0000000000000000000000000000000000000404,0xfcadc5bd924e54c41c0302f677568a46e0fba7d3,2302.42
0x0000000000000000000000000000000000000404,0x7c9b3d4cfc78c681b7460acde2801452aef073a9,0.38652838
0x0000000000000000000000000000000000000404,0x5bd517603b41c872f15b6ae96da6095bcc94ccf1,14881.3
0x0000000000000000000000000000000000000404,0x688f17dcdbdf386e1fe2062b66fe44eef909220b,738.907
0x0000000000000000000000000000000000000404,0xae9dc6a768bb39f376ee9526b98ef0dbc13f313d,1623.81
0x0000000000000000000000000000000000000404,0x3f426e5b88bf470a05a76d6639c5829e999084a4,1419.33
0x0000000000000000000000000000000000000404,0x7fbade8710cfa4ba0001c739a2eac51cf1e3368c,153575
0x0000000000000000000000000000000000000404,0x29f3255084f0b26f0245686ebd3cc906585ac5a5,2021.92
0x0000000000000000000000000000000000000404,0x6e201fe455c368dad14a70cac54e63191705af8a,2001.11
0x0000000000000000000000000000000000000404,0xd5065ed1a8cb76a1044da1f2f8158db20b9b664b,17.3616
0x0000000000000000000000000000000000000404,0xf8264832b8e3f5bdb01be131b91f271208ca0865,5633.78
0x0000000000000000000000000000000000000404,0xb8f97a413c52b9d74b4afc211f84848c0d2b43d4,18506.9
0x0000000000000000000000000000000000000404,0x8ada0bdc001a06150eff088b7ad718348a5e53c2,43.9774
0x0000000000000000000000000000000000000404,0x254fb3a427d0168dae92b2782274b53595bca712,15074.6
0x0000000000000000000000000000000000000404,0x8c2f4f24346e633e82bc6ec87a6eb6d664203fff,9926.82
0x0000000000000000000000000000000000000404,0x6099830071fc278be4e309d2b81c9a4495a57ed8,1880.54
0x0000000000000000000000000000000000000404,0x7496d345d6127f22307b7baf1f8b93131ed4722a,12532.4
0x0000000000000000000000000000000000000404,0x50eab6fcdca2f35a1dc33692d896624c5f9ffb05,6402.87
0x0000000000000000000000000000000000000404,0x311e8b91acee3c29cffb21d02c88ed1736b4626f,200739
0x0000000000000000000000000000000000000404,0x807b496bd5fa96dc9e22a43577942b2d90dd7ccc,0.38652838
0x0000000000000000000000000000000000000404,0xc557b06f04f12026c54ec679e37cc5733e5c9418,940.079
0x0000000000000000000000000000000000000404,0x347b00dfb656ca4804819fa6035177910eac3e27,10923.5
0x0000000000000000000000000000000000000404,0xd9b8954ce0970c29a7c65b32babc810ac19cccfe,30886.1
0x0000000000000000000000000000000000000404,0x90bc7f950dae2253f37189230479d3d7173c9112,128.316
0x0000000000000000000000000000000000000404,0x33d522cad133e04d201b1ea3bd0461678f0850f0,0.019326419
0x0000000000000000000000000000000000000404,0x879ea79bc8aeef498987da2661c6c7505df1032e,29943.8
0x0000000000000000000000000000000000000404,0x4545bebf52d8434709462a44c6c331dca45462d9,23577.7
0x0000000000000000000000000000000000000404,0xf9d2652bbf716b02bf392b0068b8d4d46290cf27,10728.5
0x0000000000000000000000000000000000000404,0x530cafdc90c5353c6654999cbdb16ab14af1fcc4,15056.4
0x0000000000000000000000000000000000000404,0xce2191a070d9f9bf7912954f0117c0013e82ee47,4422.35
0x0000000000000000000000000000000000000404,0x615e1690dfe1fe7ca505d19c0ca9b2c4881f2bbe,74.3101
0x0000000000000000000000000000000000000404,0xefb73e47099485c72b7678cb59fb0da7dacf173f,22508.3
0x0000000000000000000000000000000000000404,0x82c3a2783e645035ff4269cd7251e8889974172d,8.4142950211
0x0000000000000000000000000000000000000404,0xa09b71eead5de440848e81af76a1fa5d7ec23041,1199.67
0x0000000000000000000000000000000000000404,0xd56ce8b205279a309ba56f7c9f7dff56e6a47c74,0.019326419
0x0000000000000000000000000000000000000404,0x33bd8d5a4f40285df90694ccb29d6f5859c3977e,1478.96
0x0000000000000000000000000000000000000404,0x5ddb47b33ef2cbbd1ddef13763be178ac20967c0,7362.41
0x0000000000000000000000000000000000000404,0x0fe9d0d57d91da9329a0215eee231aab6911261e,407.993
0x0000000000000000000000000000000000000404,0x00205fdac4d4887de33df1ad324f65e8277508a1,2545.41
0x0000000000000000000000000000000000000404,0x1f7249c0dabfdc88730fe6720b81b956b599018f,36.3937
0x0000000000000000000000000000000000000404,0x32c139e80dee4125f500b51a0365a8522cf352d0,0.4638340561
0x0000000000000000000000000000000000000404,0xda0c3904a049e0047e5060a779f2c61864f1a47b,11.7309
0x0000000000000000000000000000000000000404,0x9afa35293d27223b1826c93d4797e8441e135fbe,2412.9
0x0000000000000000000000000000000000000404,0x46062c5cf183985c07d28c5ef191ae7e90c07021,67410.2
0x0000000000000000000000000000000000000404,0x083b2eb2b3fe204492d196c70bbc8fb6dc3bdd6e,93346.6
0x0000000000000000000000000000000000000404,0xb880adfd4599e7684d9049e232ad8a88254cba64,10478
0x0000000000000000000000000000000000000404,0x2f3929ae88944c5de0c32d4195ccf3f4475d33f8,303.895
0x0000000000000000000000000000000000000404,0xb5540caf9cce89b7da1f26a4cf54cff48853ae00,132097
0x0000000000000000000000000000000000000404,0xe12262a16b4796f9b80865af694a9b11f5403905,3087.78
0x0000000000000000000000000000000000000404,0xb5727469dfcfdbdcd9592eb1bb3bdcbc50a9da05,16784
0x0000000000000000000000000000000000000404,0x4443b2230a6ea9acfb35f0aa179ffba6255f3529,9144.59
0x0000000000000000000000000000000000000404,0x8a19ac68b010d1b9a840f5a417751fea500db2a8,108.228
0x0000000000000000000000000000000000000404,0x02207e9d8a5d6ebfb7a9af66bb63fabed75064eb,258.449
0x0000000000000000000000000000000000000404,0x477d83525f4edef065d59bb631ee836cb06329ab,2965.26
0x0000000000000000000000000000000000000404,0xf1670877bb06df4f0d74d50153dc4e4ed83c46ed,46883
0x0000000000000000000000000000000000000404,0x67ba4867a7d80080e6443eebfbb27f90b21c25d8,173.938
0x0000000000000000000000000000000000000404,0x05908bda450cd7a134928b1fcc07527e9b95b7e5,11402.6
0x0000000000000000000000000000000000000404,0xb7ae3beb06dd402962cef689e7fc6d025ea1028c,3707.98
0x0000000000000000000000000000000000000404,0x063ee592f57d9d0762b35d316c4b71fba01302c8,8504.89
0x0000000000000000000000000000000000000404,0x10cdedd6346c21a2ebf9e1708b6de16b58d95b15,7.699645346
0x0000000000000000000000000000000000000404,0xb7e88e1635ea56b6a404cb4e97cf4fa6c40dcbeb,15730.6
0x0000000000000000000000000000000000000404,0xeb7e82a67cdfa3e742e0f3315fd4eed7b05730cc,19.3264
0x0000000000000000000000000000000000000404,0xd05972837f78e347a9de5921c19b9da8b7c6ed59,0.019326419
0x0000000000000000000000000000000000000404,0x96970877656e3dde9ecbd3daf68a64b81ac97100,72564.7
0x0000000000000000000000000000000000000404,0x9192b8b8488346ce7da855bab887f1a2ae0a60c4,2153.87
0x0000000000000000000000000000000000000404,0x83136f7e8c65dda9dc156c0bacb2e0fff82e56f9,63486.9
0x0000000000000000000000000000000000000404,0xfe6fc01bf565fa5181df07f9a2113a1f2ff43949,12899.7
0x0000000000000000000000000000000000000404,0x53d64776e99226cf8d41dea1bd5740316f1e0c0d,48.6059
0x0000000000000000000000000000000000000404,0x9695b9605abda2ac9ccab701d02332aedaac6721,1231.09
0x0000000000000000000000000000000000000404,0xe9d2bc9ce7b24ad1bfbf1fbe40ba34db0448bc1d,0.019326419
0x0000000000000000000000000000000000000404,0x2a94732017e32a664475486ee016e40170f9182b,3.8652838005
0x0000000000000000000000000000000000000404,0x9ca18d6146551145f08d298ad3aee517bef05266,4904.61
0x0000000000000000000000000000000000000404,0x72bb0de32a815073540125a500047ee48d0561cd,386.528
0x0000000000000000000000000000000000000404,0xe0eb262938ea338b9168cbad7e1f65807e4edc89,6862.64
0x0000000000000000000000000000000000000404,0xd8621accd0b36fdaaf52051289b072e836fff3c2,2805.73
0x0000000000000000000000000000000000000404,0x2c81cce3f18f25f77c2763c6940e53bbe3257415,16005.6
0x0000000000000000000000000000000000000404,0xdb774929966716f6b0b054f794db37e4b44db1ea,2891.32
0x0000000000000000000000000000000000000404,0xe59261f6d4088bcd69985a3d369ff14cc54ef1e5,0.05797925701
0x0000000000000000000000000000000000000404,0x546c98296b3c9ce7084f669f5ebcc52489b92b70,41824.4
0x0000000000000000000000000000000000000404,0x873c030d79bdcc2515c45cd1cce63a52872c7d02,63.0398
0x0000000000000000000000000000000000000404,0x577d2186e4693546b46dcee5f4ae89724fcc4f0c,14185.3
0x0000000000000000000000000000000000000404,0x0befd7ecaf8038737438832643f0e51df7abf1e4,9974.34
0x0000000000000000000000000000000000000404,0xb530487117d717cd89dad97b62935255e865d159,10835
0x0000000000000000000000000000000000000404,0x248e8d953dacd5ad20dbca5c9c0697321958a90a,2383.49
0x0000000000000000000000000000000000000404,0xac95e9dec056835d88817a8a59a06b1667c515d7,16083.7
0x0000000000000000000000000000000000000404,0x7b156c51ab341b56ccc06a5c70bc55e225d8149f,0.019326419
0x0000000000000000000000000000000000000404,0xd710b414f8de8dbbcabaa1fd4d44c1fd6aaf18a1,110889
0x0000000000000000000000000000000000000404,0x151e8ac2720e1d34708e0ac84239acf3e6a15f2a,1068.75
0x0000000000000000000000000000000000000404,0x9f33a4809aa708d7a399fedba514e0a0d15efa85,57.9793
0x0000000000000000000000000000000000000404,0xf0637af0cc4ba2c4980d169c945df24d6dfd101c,65.0313
0x0000000000000000000000000000000000000404,0x6a8cfdf197eb48593ac86738b3b23edcd91923c7,3865.28
0x0000000000000000000000000000000000000404,0x33102b455040374610044b31ec477644ee454db8,6862.64
0x0000000000000000000000000000000000000404,0x857b5b7999c1e195221eab4f5f579ef42a06a454,10718.6
0x0000000000000000000000000000000000000404,0x9c047db97bea96b207c9b17b8cf8a28e7a8b0f82,6116.89
0x0000000000000000000000000000000000000404,0xb4a488b072b9d75909d7a7c42da8e03e43e40ac3,4296.5
0x0000000000000000000000000000000000000404,0xe5efcfadb91990c1a4c6dec3a6cda4096a213e50,94060.2
0x0000000000000000000000000000000000000404,0x4c1f0d8e3c42996234eb31d3537edca682376e8a,0.019326419
0x0000000000000000000000000000000000000404,0xac7df7fdd549838fe0cdaecd1a36335c168d810f,438.227
0x0000000000000000000000000000000000000404,0x1ec8f94b0ef0dc6a9ff923dfdf2523f4456cdffd,686.78
0x0000000000000000000000000000000000000404,0x4c2a9d689d257c3519db824a2539c94165783ac3,26312.1
0x0000000000000000000000000000000000000404,0xa0367bcc3dfb279a234c69d27c323bb09f989b98,1382.57
0x0000000000000000000000000000000000000404,0x87f0c169d8acc432acdb5e7d0907322c80ec6621,27463.5
0x0000000000000000000000000000000000000404,0x84b6905f943e64d2d896cfcebaee5bf96976ed73,0.019326419
0x0000000000000000000000000000000000000404,0x2a396aaceaca357071de41ba9821f74edef42664,1067.11
0x0000000000000000000000000000000000000404,0x186b16e6c7685915e0a06495adb37b8dffddd99e,76.1226
0x0000000000000000000000000000000000000404,0x9c8957c3edddda379c7cf4f3c2a487eb1b0f6467,1030.57
0x0000000000000000000000000000000000000404,0xd4e3c6723e0e6dc256b858871aa2a76cd1d92f52,1505.86
0x0000000000000000000000000000000000000404,0x6f5b595409d68de19f6c782030647f2d11d942e7,78579.6
0x0000000000000000000000000000000000000404,0xabfed410a94e3aacf3b78fd4f0d03383b53e34f8,637.772
0x0000000000000000000000000000000000000404,0xbffadc0f1e9f0e91e792f9761c8799373c357013,28480.3
0x0000000000000000000000000000000000000404,0x76bf5d4a2f217ea22aaf2adb5ffed987183c2dc4,239.454
0x0000000000000000000000000000000000000404,0xd164e1a50959dedff7c75725324a1c9d455e4606,72.8613
0x0000000000000000000000000000000000000404,0x87cee0a9139c1825548c8edaf605b253129968b4,1411.89
0x0000000000000000000000000000000000000404,0x0dc5be10ec62a3ea25aa5843d2130e89d6227433,19358.2
0x0000000000000000000000000000000000000404,0x91310ec1dec7f1a46bf7aa01f42e00cf61cfa055,2.5211883999
0x0000000000000000000000000000000000000404,0x462bac1a935d5053ee3a17ab2d73556a9930ce5a,316.76
0x0000000000000000000000000000000000000404,0xd74661aa176d4a93d4bba83fef4266e828025a7f,10763.4
0x0000000000000000000000000000000000000404,0x23b1f02ac08d722e6eacfca220c88ae1d03be7b2,157.125
0x0000000000000000000000000000000000000404,0x149a0bb4c9988c8f305944f6926363d91a054d8b,6778.05
0x0000000000000000000000000000000000000404,0x19719dc01be53ef10dfdc491fc0ad2feab4b1fcd,9122.26
0x0000000000000000000000000000000000000404,0xec509f027f480e97a1040331a2570d8806d4b11d,0.154611352
0x0000000000000000000000000000000000000404,0x0f0214a2c6112b45c598f6d652c4eba3c41f4018,0.019326419
0x0000000000000000000000000000000000000404,0xcc3876120c2dfaf9c404c7c9a9b99b32ffbcf6b4,2979.93
0x0000000000000000000000000000000000000404,0xeda7964994614469d6736dd2dad0f3c5212af1d2,3713.4
0x0000000000000000000000000000000000000404,0x3c233c71e27a7de424192a9ebc843665c6ce18bb,18423.4
0x0000000000000000000000000000000000000404,0x07a6d58cac8d98af26508635815ce1e56458c5a2,90337.4
0x0000000000000000000000000000000000000404,0x08aa500c60b91ce4086044e3c402549ba62e3484,479.257
0x0000000000000000000000000000000000000404,0x4d82dd3cdb9acfdb21eb836eac46f8f2d5e0c741,5802.8
0x0000000000000000000000000000000000000404,0x119726d92cdb36e9ba2011fe949af8f56513c4e9,796.182
0x0000000000000000000000000000000000000404,0xa233a72ac8572bfe402de54a92bc20620992103c,2507.9
0x0000000000000000000000000000000000000404,0x87d9c50b3e774536250f1aba2ab38c54268a18d8,866.773
0x0000000000000000000000000000000000000404,0x53c5d255e5941c86f37dbab0c38c662fe86876ac,5054.8
0x0000000000000000000000000000000000000404,0x0bc289463b21be0f610d0d6cb4b8a9e679b68c15,7239.14
0x0000000000000000000000000000000000000404,0x4ef9c61704e17b67e3aee801421d42f31510dbae,0.309222704
0x0000000000000000000000000000000000000404,0xac714e5088aa4534f1257e2be2110c7e5ac64b02,2381.75
0x0000000000000000000000000000000000000404,0xda8d91cb6cb7f2ef66900987aba50ac54d80439c,53.944
0x0000000000000000000000000000000000000404,0xacc87388e55ff12bea590c5608069a90d3f1606a,63519.5
0x0000000000000000000000000000000000000404,0x453297bf63d36c3678b6ca750793217138f20aa3,434.088
0x0000000000000000000000000000000000000404,0x7e0905fb4e08ebf35ac5586ef78bd0cd0417423e,5981.6
0x0000000000000000000000000000000000000404,0xb65ce9c3f7e627f7edb74f2d63d80f73adc621b3,10030.4
0x0000000000000000000000000000000000000404,0xf3dd20ed69f9da8adf33307f361c4a7567d5dc72,5484.61
0x0000000000000000000000000000000000000404,0xfa5727be643dba6599fc7f812fe60da3264a8205,19.3651
0x0000000000000000000000000000000000000404,0x181429c49e12d2ae8d38606704797e450d52e2ba,321.013
0x0000000000000000000000000000000000000404,0x33544b792d93973d201ecc5aab5eac7f37720866,344.511
0x0000000000000000000000000000000000000404,0x1c576f735399e48fc50aa3fddd541d2d89584ec0,793.378
0x0000000000000000000000000000000000000404,0x9c5933b31da8b545261d6a35cfe556255ca2e853,636.838
0x0000000000000000000000000000000000000404,0x3f1157bf33aadab5858f03a70431cded92ff08e5,8890.15
0x0000000000000000000000000000000000000404,0x7f1ef5381b032bb0043eaf59d20c65052910dbae,4100.96
0x0000000000000000000000000000000000000404,0x7a4510d033986af688a0a8a9ef114d07a7b2a577,3761.35
0x0000000000000000000000000000000000000404,0x57b4c9dce17c88423f0f96a6fec291d44017fd57,3943.4
0x0000000000000000000000000000000000000404,0xeb3115db67111877f43b8a31d2ba18f199ac8c44,0.302931063
0x0000000000000000000000000000000000000404,0x2d80e2a0e3ffdac600e29b04f321eeafa5dadbc7,8555.95
0x0000000000000000000000000000000000000404,0x5d21ec711d3740f21e48d84152e5ca2eb066bbaa,73459
0x0000000000000000000000000000000000000404,0x444f5906249a182cebe41f07d47897afa1cf7964,46688.3
0x0000000000000000000000000000000000000404,0xcdcbc6228bf11984e240687c59a4c01aadbe7ce3,8576.28
0x0000000000000000000000000000000000000404,0x53907b71ee7139d6b515573f870f091dd4fa247e,2938.73
0x0000000000000000000000000000000000000404,0x497d6ca44d77e3808cce217bfbb1bce6e7ae2d71,3862.49
0x0000000000000000000000000000000000000404,0xbafaba26d84f48f6e60af5f71ec747b864efd53c,5818.94
0x0000000000000000000000000000000000000404,0x39f821e9903460062022e9d6f359bbca85d9836d,513.247
0x0000000000000000000000000000000000000404,0xc5a214c78f82a3117d204cb8e3bc5c9b3ae97e97,189.118
0x0000000000000000000000000000000000000404,0x17863f9473ce423ba00c9a3b13be3af48b93f531,43256.7
0x0000000000000000000000000000000000000404,0xc250a5937cb1fdeeceb82da0fbfb4e0ada3257b1,14680.7
0x0000000000000000000000000000000000000404,0x73704220ca663d24cc9e7e3e5dc983d6f27b477a,51092
0x0000000000000000000000000000000000000404,0x69878b0673040091941d3f736803c99070a1f6cd,9582.96
0x0000000000000000000000000000000000000404,0x15f4e8fefc9444218bed052b5ce3ca9b4dd0718a,53.8902
0x0000000000000000000000000000000000000404,0xe784d95cbda57cc9a339a9259aba525a8bacfc68,8.6968885511
0x0000000000000000000000000000000000000404,0x39331d3d008ae22ca71cc37d8ed89dc01a3dcc13,116841
0x0000000000000000000000000000000000000404,0xbc49bdddd4337895a8b913d30b6f29088a8bfb60,18760.2
0x0000000000000000000000000000000000000404,0xe8a1d8068d15aba5927d29282d6476b7978ed0c1,92258.4
0x0000000000000000000000000000000000000404,0x1da7ea5bd73fd7210909aa81c3b9d9a19b80cb16,3612.7
0x0000000000000000000000000000000000000404,0x54b36c1e5e22a985c3673d88c5a1ab8c5ed61399,9395.08
0x0000000000000000000000000000000000000404,0x9fa44ea6483d70e99c6b3c402596edf56fd7882c,6202.43
0x0000000000000000000000000000000000000404,0x18a428ce0c31584a21cf8cefdb8849d8013e1994,252.045
0x0000000000000000000000000000000000000404,0xdfe243bfc3df05b46b70726718d596c5a61f498e,19838.2
0x0000000000000000000000000000000000000404,0x8dbe22bbe59d1779e8966ce0ba47cd5debd46e54,1728.1
0x0000000000000000000000000000000000000404,0x6ab5d3e5069326ff4601e77c3651f0c216d7e036,15315.3
0x0000000000000000000000000000000000000404,0xdb53c7d23fa1b8f971480e133e1ff34f45e15f5b,172.695
0x0000000000000000000000000000000000000404,0xde3831d8755ec44a5eb61757c9e3198eb7f1f871,1015
0x0000000000000000000000000000000000000404,0x73c47f0bd5ff1b60a302ed2926394411dcfacbef,1236.7
0x0000000000000000000000000000000000000404,0x050d24e9c02250e871bbdfc52cfe3dbf8d1a9c25,14.6209
0x0000000000000000000000000000000000000404,0x7ae2a0914db8bfbdad538b0eac3fa473a0e07843,19.3264
0x0000000000000000000000000000000000000404,0x5e32bb66a18e5cdd2d7b220d428261e5f6079cff,67.6425
0x0000000000000000000000000000000000000404,0x1792e707c7276b804a1a64a5e0c661a5899b29af,10905.1
0x0000000000000000000000000000000000000404,0x2369ce21d3d4e8494e6280f21b33fb9374216ab3,10890.4
0x0000000000000000000000000000000000000404,0x5391d52546b4e8afeb09591605a386bd36219054,24882.7
0x0000000000000000000000000000000000000404,0xf819852c81f6ae73c84143cc71b60949d927b65c,410.922
0x0000000000000000000000000000000000000404,0x6eef8975c8cb93542071cea0ba178e44673469b9,2026.04
0x0000000000000000000000000000000000000404,0xf350d955a0d4a4e0de39978a5a8b838466961e60,284.141
0x0000000000000000000000000000000000000404,0x312ad95348611bafb301e661e8e4c8d91d70c691,5.9578508611
0x0000000000000000000000000000000000000404,0x91a2ea93aab40aa7b49218fb4fbd6edafc5f0034,57.9793
0x0000000000000000000000000000000000000404,0xa9260481fa35bb5e2e300763c469506600d7a980,753.399
0x0000000000000000000000000000000000000404,0xfa46365cd8c1fcb64c50840eea25acfcad0791f1,272266
0x0000000000000000000000000000000000000404,0xd6637a1641e24a8ab3c93d4f724938033f51eabf,13134.6
0x0000000000000000000000000000000000000404,0x4de51875c1a58799a0de58fc1049e9c4a83d7ad0,617.911
0x0000000000000000000000000000000000000404,0x0def9b4811e4c4e9da5acf82d421c97b5e9c152f,85.4163
0x0000000000000000000000000000000000000404,0xd0bb920e3e90dbafa0b5f260d055de957f089c62,16253.5
0x0000000000000000000000000000000000000404,0x53b5405bd56535472b224065c55be7a3d3f16e98,18031.4
0x0000000000000000000000000000000000000404,0x7302333e1d5d4e14cf0ed162d5f5796634616dc2,193385
0x0000000000000000000000000000000000000404,0x3e25247cff03f99a7d83b28f207112234fee73a6,5856.65
0x0000000000000000000000000000000000000404,0xbca4ad845f0fc316de295dacb033a7ef2902ed0e,14159.4
0x0000000000000000000000000000000000000404,0x5adbb07b8054cee82294e43688ab059510f5e900,34537.9
0x0000000000000000000000000000000000000404,0xf68fc6379d4582619c3ad51f54ef81ad0dc7f981,1375.67
0x0000000000000000000000000000000000000404,0xcfc49d2515ea12a059ab4b0f9f53bb2fc731a536,209533
0x0000000000000000000000000000000000000404,0x7d0caefbe8a6f66aea68389f8cbff9052acd8fd7,21.543
0x0000000000000000000000000000000000000404,0x4160478bb15e98815697298e114ff79aa76d002d,1401.23
0x0000000000000000000000000000000000000404,0x7c1fc7e29b62540f092d73b7ef9fa9558d4df8f2,109330
0x0000000000000000000000000000000000000404,0xafb24d6ba3f747cd894c65cafe35b123f1ca9cab,96513.3
0x0000000000000000000000000000000000000404,0x5781ba401cd4540cf6d4a56af297884030131949,1836.01
0x0000000000000000000000000000000000000404,0x86e813231678a1b34d72bc03931bc749a06bd40d,6452.89
0x0000000000000000000000000000000000000404,0xa26c2744757a7c7fad021073108d843ece8ba648,10624.7
0x0000000000000000000000000000000000000404,0xedb7014286f9711bec29fcb8e329d7f235e282fe,8203.22
0x0000000000000000000000000000000000000404,0xecff33461f6fa07f62bf7619ad1ccb023de6833c,19324.5
0x0000000000000000000000000000000000000404,0x28523f9e8e5694523b6536d5b1123e322a3e554a,387.472
0x0000000000000000000000000000000000000404,0x3521835b43b1ad07364220aff4166386880230c7,431.979
0x0000000000000000000000000000000000000404,0x6c46489194bbc861723049b27ee563995b85bba1,1902.54
0x0000000000000000000000000000000000000404,0x4fac709cc2d0bf3ebba37e908e1693f6413738c0,10848.2
0x0000000000000000000000000000000000000404,0xa09f9479a535c99885d76c364f9b68ba9ae6a8c8,663.968
0x0000000000000000000000000000000000000404,0xee1e8b3b5788b1eb2a73c482298866534a1c61cb,50603.9
0x0000000000000000000000000000000000000404,0x5270130b2b7e99ab2ec0a8500b1869fe7ec9b794,21085.1
0x0000000000000000000000000000000000000404,0x2e54e68f422563147fc9438064bb6ba41e42e356,1081.4
0x0000000000000000000000000000000000000404,0x5c66d7e19445a699c884a84ee39a2b95f6e4f236,0.019326419
0x0000000000000000000000000000000000000404,0x1eeaba9a7eb68ec137be38b0901abfb17a510a39,7352.37
0x0000000000000000000000000000000000000404,0x67131485a916b02f50006d01cc82b93d2778dc65,69865
0x0000000000000000000000000000000000000404,0x4586abb5c8ed8a6917131fa4db4ce4c78f800e4c,1599.14
0x0000000000000000000000000000000000000404,0xabee2e079a4690f3023f25d56533eacff1f49bbf,0.9663209501
0x0000000000000000000000000000000000000404,0x63837d962e53ad465593244849baf24c880e9da8,1718.81
0x0000000000000000000000000000000000000404,0x40bfc8f85b1cccda73e99371d9f7d6e8e99c7b0e,212.691
0x0000000000000000000000000000000000000404,0x9ef442ec149dd3bb61b1324209c332a9f2b78e61,152762
0x0000000000000000000000000000000000000404,0xb4a614256dbc815ba58c33ac4d6089f0b6de9bdf,7151.36
0x0000000000000000000000000000000000000404,0x8d1556fc392aa1d921da04fd0a7ae2f561f6a8b7,135.092
0x0000000000000000000000000000000000000404,0x898b624d296f0af1bcb2853065b1ac151ebc1ccc,572.937
0x0000000000000000000000000000000000000404,0x32e351b39d9dcc5e292385143530d7f3417da550,3932.68
0x0000000000000000000000000000000000000404,0xd067bbf6d1f72657716f27135945c8bb78883605,26842
0x0000000000000000000000000000000000000404,0x0424e057c2d0bc7e58c75975aaf38bf1e598cd49,674.301
0x0000000000000000000000000000000000000404,0x480f2b74be069a75a9196a49553c8cf40e848bfe,280.661
0x0000000000000000000000000000000000000404,0xf15d35d68e67cd2fd6e6fe9268cf210ee45c677d,2388.57
0x0000000000000000000000000000000000000404,0x598f32d09a13a095b472066c7c77165aff45fe43,1200.38
0x0000000000000000000000000000000000000404,0x1ade16f938281fbff2bc8fb6c3f537178f6d76b5,7264.53
0x0000000000000000000000000000000000000404,0x0a1287977578f888bdc1c7627781af1cc000e6ab,19.3264
0x0000000000000000000000000000000000000404,0xd4523feaea290185606b4da9998cc4553f0ad561,12.5331
0x0000000000000000000000000000000000000404,0xdddf0f8018c0b83f117debdd98d57e0f54a77aa7,218144
0x0000000000000000000000000000000000000404,0x6328e811a291b6424a0c858526d46fff7c46d647,847.121
0x0000000000000000000000000000000000000404,0x310eb062f52120e18f2a096e7e9ec07c8116be25,855.784
0x0000000000000000000000000000000000000404,0xede9129da3340414d172b45cbef924a1b500f6e0,59.0645
0x0000000000000000000000000000000000000404,0x701630bfabb78b1607c145bae3af76c52b2c0955,42.7332
0x0000000000000000000000000000000000000404,0xc0fc76fc589d377e4f8325e24f6d84728e917780,11601.4
0x0000000000000000000000000000000000000404,0x015ec1fa097ece8cadb1fcb8fafdd3b953b02e49,2157.84
0x0000000000000000000000000000000000000404,0xe178ae2ee58f7c85fee8354b1272c5e6ffc41161,11461.7
0x0000000000000000000000000000000000000404,0x161fbbe61e224c1aaa9bd0b3444e45af7fff779d,308.256
0x0000000000000000000000000000000000000404,0x9cf97a207a0775c6c65f708e988b482d6440e41b,189.69
0x0000000000000000000000000000000000000404,0xe45fd7bef2736dad2d5620052ca37a9603376aea,49465
0x0000000000000000000000000000000000000404,0x081cbab52e2dbcd52f441c7ae9ad2a3be42e2284,19326.4
0x0000000000000000000000000000000000000404,0x51c3be801995abe6d510d4acd6480322a8fe26ba,15797.9
0x0000000000000000000000000000000000000404,0x9b4861e73bd3b4bfb1b26fc288a41e7d5271d8a1,20.1768
0x0000000000000000000000000000000000000404,0x83822f68269e618ddb98d13c5b382332884dbbe8,773.234
0x0000000000000000000000000000000000000404,0xa1264689beb901126c8c15dc08d8d435aa2dee4e,73.0743
0x0000000000000000000000000000000000000404,0x726277fa11635f0d50fd36e021219b4660225fb9,45138.5
0x0000000000000000000000000000000000000404,0x972f0a9e96da7ed8de78947cf6b77f70ed909ddb,1580.9
0x0000000000000000000000000000000000000404,0x7dc4d034502f296ade5ce0c7396087b9940c7e17,168.566
0x0000000000000000000000000000000000000404,0xbf5dfc355d21ae88c80fa15e84e7c0287fbcd328,2698.38
0x0000000000000000000000000000000000000404,0x6508cf6ff0bdf6865f8760cfb007edc2ecfbe5bc,11499.6
0x0000000000000000000000000000000000000404,0xa8ed90c4c6d9eec89ebc73024a8c263eeb41da60,717.022
0x0000000000000000000000000000000000000404,0x476707bbf45b782ca86f7df40f8b07274ac990cd,18117
0x0000000000000000000000000000000000000404,0x6fad4e7cd7fd66757f8e0a3b8227116377dc2c9c,5463.03
0x0000000000000000000000000000000000000404,0xb62d0f26cee350c515191a53b6531cfc5ba323f9,1219.35
0x0000000000000000000000000000000000000404,0x5b2bc1809302238ac65ed9bb824437a4a6b979a5,20901.3
0x0000000000000000000000000000000000000404,0x9cb9a822209f544ac1fad4494d99e2adafed1d94,67105.1
0x0000000000000000000000000000000000000404,0x3eae1403f114c5ed1bc64ad120420b7bbe286071,17.3938
0x0000000000000000000000000000000000000404,0x96bef12ef51c33df12a6dd137e687ea316f93091,465.276
0x0000000000000000000000000000000000000404,0x91fc7d653a8d2e5bba9a84f8fd057f85a5fe7aa7,112.979
0x0000000000000000000000000000000000000404,0xbcd96fe2ea923edd3b6c9657a216c6d5574b3ae0,19326.4
0x0000000000000000000000000000000000000404,0xd93e82b9969cc9a016bc58f5d1d7f83918fd9c79,7.730567601
0x0000000000000000000000000000000000000404,0x50d84a38eed106d692840a20a20aba6df6890d52,439.346
0x0000000000000000000000000000000000000404,0x892a59e8e12c3f85c8108f9b14c84f8ae6c56d32,50047.7
0x0000000000000000000000000000000000000404,0xc49f2f72d1e59e5f52d13e1c86f563d85b3db1fd,248.368
0x0000000000000000000000000000000000000404,0x0cf776d57e0223f47ed3a101927bb78d41ad8a13,7868.63
0x0000000000000000000000000000000000000404,0x850c3f267fdb0d9a1a93354ccc107a2d08c0d4cd,0.115958514
0x0000000000000000000000000000000000000404,0x14f8680954cd0b4f31111aebf3b2e20e953aac5d,8882.8
0x0000000000000000000000000000000000000404,0x13783f40743729a5180a200a07dd8c6c0ea14bb6,30337.7
0x0000000000000000000000000000000000000404,0x513921f8bef694c7a2957e9a368e3098b179a614,2848.55
0x0000000000000000000000000000000000000404,0xd0358eeca4a708224f1594bbaabaf0e071d5132f,39309.9
0x0000000000000000000000000000000000000404,0x6a4535fa9e16eb3c9102fc59e91102b1643248c8,10942.3
0x0000000000000000000000000000000000000404,0x9007182b4223fe90cdd00a4b3353aa67a230a735,5550.78
0x0000000000000000000000000000000000000404,0x6e9dcc05c020172e35aaa8f394cf414ef8f23cf6,10802.4
0x0000000000000000000000000000000000000404,0x851d0b422a47d44650ee247f6cd6a6e37331d94c,4230.7
0x0000000000000000000000000000000000000404,0x05fe6c2e4bda41f00f24c6b449734c2415fdcda9,18074.9
0x0000000000000000000000000000000000000404,0x362eae279e50fb03b1c0a0a369c6da6b12a5b919,0.019326419
0x0000000000000000000000000000000000000404,0xdd6e73730ab61dd74de048b5346a61f0cb645700,2395.83
0x0000000000000000000000000000000000000404,0xe2a238e4c6cbef7483199df5b82e112fdac21da7,182.296
0x0000000000000000000000000000000000000404,0xa9c124dd74d0fed6a7f6bfbcefbd5703e853bcf3,1196.69
0x0000000000000000000000000000000000000404,0xc1c3d0cd8c23bdec19b7f8d2601cc3b3b35c2629,73093.8
0x0000000000000000000000000000000000000404,0x96497526150174f946baa57a22558e70e4235517,9061.36
0x0000000000000000000000000000000000000404,0xf8a22b371161d63b1a17f0aace7a953df3ebed80,53.5056
0x0000000000000000000000000000000000000404,0x65f9880279b5301f461b0f8d2a665787e779fa35,7734.83
0x0000000000000000000000000000000000000404,0x99934615148074b7d4202ae8c371bcaa23b0a843,1274.69
0x0000000000000000000000000000000000000404,0xa533b6772593ce2a4519beed6b7dff0c69f17374,149890
0x0000000000000000000000000000000000000404,0x819833b76649ef57d84c2ae667c81ee34da9b512,176.815
0x0000000000000000000000000000000000000404,0x1d685424dd0807dfdfebd7f887b855a875e118f2,19256.8
0x0000000000000000000000000000000000000404,0x52a99cc5cb2925104648e9fcdf8625e341fb348c,19326.4
0x0000000000000000000000000000000000000404,0xd4ad220e09fb7c7663af22dabd02f1c303b2ad39,12794.1
0x0000000000000000000000000000000000000404,0xdedecb27539ab653feb95b05c8420a9d5d9e554e,867.331
0x0000000000000000000000000000000000000404,0x1472dcfde6312b9306be95ac98cd59a4e1f39b72,109085
0x0000000000000000000000000000000000000404,0x79a8ae72102ec9ef2c48d5ccf851646aaa2e8525,11499.2
0x0000000000000000000000000000000000000404,0x9f94db5c889e7304663b72b395c0a35506eaf4af,3382.12
0x0000000000000000000000000000000000000404,0x31a0afe966205539269b1d4cf5e4cb580950aa9e,7120
0x0000000000000000000000000000000000000404,0x103152b1fe48c9ea3edcbbdb028e8e8498040bc5,1.9326419002
0x0000000000000000000000000000000000000404,0xb57ddc186c1afe6be1e05d4f2ec339ff03876c7d,11905.6
0x0000000000000000000000000000000000000404,0xf2f3fafedebe0dc1e93ddfffd769c9f0ff7b7a71,0.07566165176
0x0000000000000000000000000000000000000404,0x654535cf96bd6b97107701eba5ee123a97fe3430,2297.07
0x0000000000000000000000000000000000000404,0x5e2ea6f2d48fb282cb71f71151ca678526fea8cc,5348.6
0x0000000000000000000000000000000000000404,0xeca0116c9dcef5c65e9c9f0d7172c43a9be681ca,6570.98
0x0000000000000000000000000000000000000404,0x795c4f87a2066470679111b5b6fe8f247734ea31,0.1160265466
0x0000000000000000000000000000000000000404,0x0cd3f580ee47ecb18930c81bd8ab2b539b4ce3b2,175.87
0x0000000000000000000000000000000000000404,0x3c6d95527f6843c91602e91e97e6133311436508,224.747
0x0000000000000000000000000000000000000404,0x6ed5b4a55f294ed175a51f049d911b8c22b60079,7177
0x0000000000000000000000000000000000000404,0x0ec1daea7f40bce5c522c7458596abb3092ff9e2,828.487
0x0000000000000000000000000000000000000404,0x18c30cc8b8411f35f5fc1b5ea3f76567afd61aa5,51787.1
0x0000000000000000000000000000000000000404,0x586970b8fc75f519cfc9675314a11ca36d605a13,576.677
0x0000000000000000000000000000000000000404,0x0e55c72781acd923c4e3e7ad9bb8363de15ef204,7.7332044269
0x0000000000000000000000000000000000000404,0xd7d7cb9b4c75e28e2c86dc8e789232e26fa7dfa7,510.435
0x0000000000000000000000000000000000000404,0xa116bf19fdb9e91d5fc400abff91bc485bfe8b29,1755.11
0x0000000000000000000000000000000000000404,0xdd99d5aee27d6e47a0b538f1e2f9104f7c60000a,0.154611352
0x0000000000000000000000000000000000000404,0xdf803eb84ed6ff54a46818825b58adbc40d812f3,68943.5
0x0000000000000000000000000000000000000404,0x8a40da117a3f1f2d95cdfb1dcf3cf477a2b70ae5,1148.72
0x0000000000000000000000000000000000000404,0x278bd76ef225eb7c72155251a7071a6567ba4bd4,1723.23
0x0000000000000000000000000000000000000404,0x853b3c155ce9f58d53d8361ec200274d11071398,5457.88
0x0000000000000000000000000000000000000404,0x5b63cec873f98e50062541eb136567f0462bfc54,1275.12
0x0000000000000000000000000000000000000404,0xf4b88608ba19df20815015df57acc9328f1ee2f3,28989.6
0x0000000000000000000000000000000000000404,0xa16eb6a11676341c07b50d78917a37a421caec2f,0.154611352
0x0000000000000000000000000000000000000404,0x3b4bf02cc9054c2f36acd23d042020d80bce6034,5.5346312011
0x0000000000000000000000000000000000000404,0x88a39b052d477cfde47600a7c9950a441ce61cb4,19.3264
0x0000000000000000000000000000000000000404,0xd625b46dbcf7d4d4639312acc0518facc2338f7b,23574
0x0000000000000000000000000000000000000404,0x6af2c466ad49ec17412c3b51a7cc759cfbddebb9,5230.75
0x0000000000000000000000000000000000000404,0xe853955ebb69f9744258a5554b4fda7b7d502105,20360.4
0x0000000000000000000000000000000000000404,0x0f6150957a2eaee017ec52e2cbcba56854d08d2a,22803.2
0x0000000000000000000000000000000000000404,0xeb965ad19588f48f805465d25c6ae0aa60a46398,2462.36
0x0000000000000000000000000000000000000404,0xa5bb292801bd357cd8f19e47fd4d44deb7396bd4,82601.2
0x0000000000000000000000000000000000000404,0x011e3d8a6146849c628207284f64d35dfa52de06,2251.27
0x0000000000000000000000000000000000000404,0x7b4f36be233bb45d3020ebbfba7144d6309f6104,0.1957463844
0x0000000000000000000000000000000000000404,0x68a0e137814cdb50e445824ef6af5a5bf9b8bd8d,41.1266
0x0000000000000000000000000000000000000404,0x9e6d8f604f0710e91148b8be62efa2f0d0aa6fdb,138386
0x0000000000000000000000000000000000000404,0x0533916aa9221ce7b112c7d88083c782ec42ce5d,391.386
0x0000000000000000000000000000000000000404,0x178d8546c5f78e01133858958355b06ec3406a1a,7936.42
0x0000000000000000000000000000000000000404,0x3514e887b79852b89d1cc05276b4ab31047c641f,154.611
0x0000000000000000000000000000000000000404,0xb70601144b469a495c7ee4dc49a859283d19868d,6827.78
0x0000000000000000000000000000000000000404,0x579224938415d56f8616f7583765b7c73c7b0610,10351.7
0x0000000000000000000000000000000000000404,0xbc6e0fbd9c9854fede1a7d7b218da852a364a942,2703.94
0x0000000000000000000000000000000000000404,0x0f25837044826d0d20a6f0a2b08ffe924e2d012f,6701.64
0x0000000000000000000000000000000000000404,0x5ebdfe236a8a75cc379ac2ad8cd754ee38297477,36.7299
0x0000000000000000000000000000000000000404,0x90b1162aad277cf3de9b5df69719bea1793d0892,4176.68
0x0000000000000000000000000000000000000404,0x193cd2fb8a6610d2e6cc797890ee430de92e5b26,13641.1
0x0000000000000000000000000000000000000404,0xe33ca1c5690bf537b5aba3e026eda704e9c75b07,0.001985161927
0x0000000000000000000000000000000000000404,0xe4a9a79d776f375a0de93c7335e8013dbdc4f587,0.309222704
0x0000000000000000000000000000000000000404,0xc84485f8119723f18182699e73ac942c7456e3c4,5436.48
0x0000000000000000000000000000000000000404,0x62bbf67f98b2b4a7db12a7a5226981b04f2da702,13313.5
0x0000000000000000000000000000000000000404,0x524a88a05e02cfb61429e0b3c2ecb8c4e532ea61,1871.63
0x0000000000000000000000000000000000000404,0x17dbdff445f9b59f8b1e231e9a499443276cb416,762.148
0x0000000000000000000000000000000000000404,0xb25165e01a7d74b72794855404a9a422c2b97426,5215.52
0x0000000000000000000000000000000000000404,0xc4be38e6cd90977059a2e9632fa5121017f6528e,99.4687
0x0000000000000000000000000000000000000404,0xcbb01fbfc80dc4e7242fa5bb25581b6f0b2a503e,83.1036
0x0000000000000000000000000000000000000404,0x22b7daf3f356462c196bc99a471d11e1ea0b16b6,752.266
0x0000000000000000000000000000000000000404,0x3986befb9c8d477e4295436875c0b14102beac92,0.270569866
0x0000000000000000000000000000000000000404,0x75e8b62bbbe007fafd8ad9d3018d3bc8f5772403,57.9793
0x0000000000000000000000000000000000000404,0xa57e5e748bb4ba9c74ddca7d0f31d3ab9af31ae0,385.357
0x0000000000000000000000000000000000000404,0x1870135cf59bb056c732b86c21920317efcc3518,115.959
0x0000000000000000000000000000000000000404,0x8496ab98601f4200f0617eb5c634761cdfc1fe84,546.501
0x0000000000000000000000000000000000000404,0x62b775368126b9e2e9da0172b252e11ae2e73263,0.9469945311
0x0000000000000000000000000000000000000404,0x761c178c62e221dea6d7f411c6c5e36f8e59df69,80.1626
0x0000000000000000000000000000000000000404,0x1da47b74e5ba7e9c7b0ac14e23988913607954ce,9901.11
0x0000000000000000000000000000000000000404,0x2ab006819d56236a827a4799a93cc0f4474ec577,11166.8
0x0000000000000000000000000000000000000404,0xd44eaeb6d0921b00d090ffeb37e6eafb54d0a580,0.577473401
0x0000000000000000000000000000000000000404,0xf32a403a1dc01eb44b6aad0ff1c31aaff62bce30,18292.4
0x0000000000000000000000000000000000000404,0xcdee11332606f67b34ae210f5dd933f5e37c88eb,2103.18
0x0000000000000000000000000000000000000404,0xa02f873cc0cc3c573c3512672164d9e723c8d699,5759.83
0x0000000000000000000000000000000000000404,0xb96b4429d522a210ecc3d1b2d3b0f4026588c340,1932.64
0x0000000000000000000000000000000000000404,0xd3c156703591d155ee5002977cd0182b06e7172d,2432.39
0x0000000000000000000000000000000000000404,0x7350e52d35f39572069f22ae7c3fa6090bcb88f0,17570
0x0000000000000000000000000000000000000404,0x1be8ce85d5763e67b37a0817fd99a33ce9b83800,51308
0x0000000000000000000000000000000000000404,0x7f382ed964cb464931938cb8cf6a7babaff72e90,4415.9
0x0000000000000000000000000000000000000404,0xa05c32ace8d81a7f16559b310b17f59be105f9dd,14731.1
0x0000000000000000000000000000000000000404,0xa45f9b4180a803e2c44050083c8e9bc164d273ca,1316.54
0x0000000000000000000000000000000000000404,0x2d831cb8963ec6ba7ac09593359a4beb59b7b891,278.687
0x0000000000000000000000000000000000000404,0x3d993e447786032d8d0d1129d56bc1b344142afb,15729.8
0x0000000000000000000000000000000000000404,0x984cfc43f7081613afe6139ff1d533b7b5e0e025,18688.6
0x0000000000000000000000000000000000000404,0xc517caed2343e86bf09f9fcd0e69af51993d924d,0.038652838
0x0000000000000000000000000000000000000404,0x4d42d04cfde176ccadc86ebaed18dbf248526255,3658.49
0x0000000000000000000000000000000000000404,0x97de953cde13fd813ac6bf8e3ad8735cc18a74b7,58855
0x0000000000000000000000000000000000000404,0x5dd68958e07cec3f65489db8983ad737c37e0646,79409.1
0x0000000000000000000000000000000000000404,0x29eceeafdfff73e125c2fb93cde3e6bb6f1b602c,1715.84
0x0000000000000000000000000000000000000404,0x92df38db6a02f00a4f3e825ee55483d14cfd37b0,1606.15
0x0000000000000000000000000000000000000404,0xc1c8f6ef43b39c279417e361969d535f2a20b92e,44973.6
0x0000000000000000000000000000000000000404,0x9c96e543b2e2d5854f9cbff4221dae111af472ee,628.732
0x0000000000000000000000000000000000000404,0x0e94f579ced169c40b5562db55472943a4157727,8148.12
0x0000000000000000000000000000000000000404,0x0e085f5400177ff12cd455419a477f5e4d4076b0,286.167
0x0000000000000000000000000000000000000404,0x7a30e64ef6d0e802607a3b64b120f864f1e4f7e6,6814.49
0x0000000000000000000000000000000000000404,0xa1c12e9cc1521fa15c58b60d3eacf6c63786c001,12869.5
0x0000000000000000000000000000000000000404,0xcb1bedf29b61c1448f57a8805b401d91cff5e7ca,0.173937771
0x0000000000000000000000000000000000000404,0xf1896a250e2bf4e751bafe29a8317a565d1c37bf,0.019326419
0x0000000000000000000000000000000000000404,0x9ae643f37fd8b5a754949905d912de06e4a5a04b,9870.54
0x0000000000000000000000000000000000000404,0xe7f4dbab83e7bc844b3c196dbb32382d1a7e0142,1277.63
0x0000000000000000000000000000000000000404,0x93613b142517290a52b1843db54000c5f8d0acab,699.353
0x0000000000000000000000000000000000000404,0xa767f06faed20d35db46247e3681fede7ca70196,420.291
0x0000000000000000000000000000000000000404,0x8dc6217f3bce427bd32b8fa7f3acbb73b69dcd96,2611.32
0x0000000000000000000000000000000000000404,0x14a2a2eb1977e82e2c8258c6c7ac850817b09b9e,6574.7
0x0000000000000000000000000000000000000404,0x61fd367a11f9b1535897e91c065e7a264c5ee6e3,143.996
0x0000000000000000000000000000000000000404,0xfe7a88ec995863d296b66dfa52a3b2adce4e27d0,0.309222704
0x0000000000000000000000000000000000000404,0x4c8accd7324dcbcfa855450ee3fbd1ebf4b9159d,7.696699744
0x0000000000000000000000000000000000000404,0x594bfcb2151c5866be4a87cadb23888f46f7c29a,0.9544540233
0x0000000000000000000000000000000000000404,0x2cdc001ea87149210328d292cc84c250b4995dc2,4770.05
0x0000000000000000000000000000000000000404,0xae60a3f8dc9444b798cc4eabffb3cfb887e7e7e0,1747.92
0x0000000000000000000000000000000000000404,0x20ce6a8f48c3c761378659bece90c8552fb28709,11942.3
