who,ring,kton,pink
0x38f046ae944021351ce5c2486dee3027c949858f,7.3933E+24,2.55038E+21,2.48722E+15
0x00cefa72151a53ed99c28080abad20d70b5092c7,2.196E+24,9.149E+19,4.62375E+14
0xd41f35b0eb9acc747ed2a603a06a45a2aa48e028,1.992E+23,7.26014E+19,6.86264E+13
0x52105c8818daacccfea0fe295f92a7f3d525096a,1.928E+23,1.9955E+19,4.55423E+13
0x9534259d678b1c45a9fe790b147706bdc35bbc4a,1.85E+23,2.3E+19,4.52984E+13
0xc05883d9977cd87169bc1ba82859c2b4e484abbf,7.29762E+24,2.5308E+21,2.4606E+15
0xd35dd9cea5b361f7a027df5cb2954ca34814843b,3.647E+22,1.6079E+19,1.37208E+13
0xf99760b9385c009ad7c741038e1de583a941711e,3.71826E+22,1.52887E+19,1.35306E+13
0xca92755f758611bd0d688f3e84b8308aa7bc57fa,1.97993E+23,6.92E+17,3.8552E+13
0x37b1a9af9ac1492ddd0cc15248bac9df40c9f495,1.2927E+22,5.59299E+17,2.73042E+12
0x50b124786343eda92e715103642d4b3fc29c0ce1,3.05892E+23,2.19485E+20,1.502E+14
0x7b136c96e73a65c3a9085edf6e4b77e75a8ff744,6.67E+23,0,1.28907E+14
0x5ff4a620fe2e7ab1a947b7b1be5b1719d3c7f4ca,6.69E+20,2.28235E+17,2.24007E+11
0x55c3518c1037d05aeac82cb71b2730dd6ce7d772,1.85E+23,0,3.57539E+13
0x484b2eb9c04e5dab1454b1500ce41585753abbbd,1.21056E+24,1.42245E+14,2.33958E+14
0x86274cd9cb1890776c942001dd49c2625e8af8dc,5.73507E+22,2E+19,1.93834E+13
0x4c69050267e0311e4a97e3f7f19ead544feda422,1.39955E+22,1.27E+19,7.97507E+12
0xfcadc5bd924e54c41c0302f677568a46e0fba7d3,4.61278E+22,3.4E+19,2.30242E+13
0x7c9b3d4cfc78c681b7460acde2801452aef073a9,2E+19,0,3865283800
0x5bd517603b41c872f15b6ae96da6095bcc94ccf1,7.7E+23,0,1.48813E+14
0x688f17dcdbdf386e1fe2062b66fe44eef909220b,3.8233E+22,0,7.38907E+12
0xae9dc6a768bb39f376ee9526b98ef0dbc13f313d,8.402E+22,0,1.62381E+13
0x3f426e5b88bf470a05a76d6639c5829e999084a4,4.15288E+22,1.48617E+19,1.41933E+13
0x7fbade8710cfa4ba0001c739a2eac51cf1e3368c,7.94639E+24,0,1.53575E+15
0x29f3255084f0b26f0245686ebd3cc906585ac5a5,8.73366E+22,8.049E+18,2.02192E+13
0x6e201fe455c368dad14a70cac54e63191705af8a,5.94626E+22,2.0529E+19,2.00111E+13
0xd5065ed1a8cb76a1044da1f2f8158db20b9b664b,8.98336E+20,0,1.73616E+11
0xf8264832b8e3f5bdb01be131b91f271208ca0865,2.73899E+23,8.2E+18,5.63378E+13
0xb8f97a413c52b9d74b4afc211f84848c0d2b43d4,5.37196E+23,1.95789E+20,1.85069E+14
0x8ada0bdc001a06150eff088b7ad718348a5e53c2,2.14622E+21,6.02129E+16,4.39774E+11
0x254fb3a427d0168dae92b2782274b53595bca712,7.8E+23,0,1.50746E+14
0x8c2f4f24346e633e82bc6ec87a6eb6d664203fff,5.1364E+23,0,9.92682E+13
0x6099830071fc278be4e309d2b81c9a4495a57ed8,5.35011E+22,2.04E+19,1.88054E+13
0x7496d345d6127f22307b7baf1f8b93131ed4722a,0,3.02E+20,1.25324E+14
0x50eab6fcdca2f35a1dc33692d896624c5f9ffb05,1.57961E+23,8.07279E+19,6.40287E+13
0x311e8b91acee3c29cffb21d02c88ed1736b4626f,7.4E+24,1.391E+21,2.00739E+15
0x807b496bd5fa96dc9e22a43577942b2d90dd7ccc,2E+19,0,3865283800
0xc557b06f04f12026c54ec679e37cc5733e5c9418,3.21086E+22,7.7E+18,9.40079E+12
0x347b00dfb656ca4804819fa6035177910eac3e27,4.62125E+23,4.80088E+19,1.09235E+14
0xd9b8954ce0970c29a7c65b32babc810ac19cccfe,1.59813E+24,0,3.08861E+14
0x90bc7f950dae2253f37189230479d3d7173c9112,2.29343E+21,2.024E+18,1.28316E+12
0x33d522cad133e04d201b1ea3bd0461678f0850f0,1E+18,0,193264190
0x879ea79bc8aeef498987da2661c6c7505df1032e,5.56307E+23,4.6249E+20,2.99438E+14
0x4545bebf52d8434709462a44c6c331dca45462d9,1.21997E+24,0,2.35777E+14
0xf9d2652bbf716b02bf392b0068b8d4d46290cf27,2.96E+23,1.20678E+20,1.07285E+14
0x530cafdc90c5353c6654999cbdb16ab14af1fcc4,5.71085E+23,9.68562E+19,1.50564E+14
0xce2191a070d9f9bf7912954f0117c0013e82ee47,1.98E+23,1.43553E+19,4.42235E+13
0x615e1690dfe1fe7ca505d19c0ca9b2c4881f2bbe,3.845E+21,0,7.43101E+11
0xefb73e47099485c72b7678cb59fb0da7dacf173f,4.01369E+23,3.5547E+20,2.25083E+14
0x82c3a2783e645035ff4269cd7251e8889974172d,4.35378E+20,0,84142950211
0xa09b71eead5de440848e81af76a1fa5d7ec23041,6.2074E+22,0,1.19967E+13
0xd56ce8b205279a309ba56f7c9f7dff56e6a47c74,1E+18,0,193264190
0x33bd8d5a4f40285df90694ccb29d6f5859c3977e,5.4E+22,1.04904E+19,1.47896E+13
0x5ddb47b33ef2cbbd1ddef13763be178ac20967c0,2.1371E+23,7.78872E+19,7.36241E+13
0x0fe9d0d57d91da9329a0215eee231aab6911261e,1.4669E+22,3E+18,4.07993E+12
0x00205fdac4d4887de33df1ad324f65e8277508a1,9.3594E+22,1.77497E+19,2.54541E+13
0x1f7249c0dabfdc88730fe6720b81b956b599018f,0,8.77E+17,3.63937E+11
0x32c139e80dee4125f500b51a0365a8522cf352d0,2.4E+19,0,4638340561
0xda0c3904a049e0047e5060a779f2c61864f1a47b,4.5668E+20,7E+16,1.17309E+11
0x9afa35293d27223b1826c93d4797e8441e135fbe,1.2485E+23,0,2.4129E+13
0x46062c5cf183985c07d28c5ef191ae7e90c07021,1.53764E+24,9.0831E+20,6.74102E+14
0x083b2eb2b3fe204492d196c70bbc8fb6dc3bdd6e,4.83E+24,0,9.33466E+14
0xb880adfd4599e7684d9049e232ad8a88254cba64,1.483E+23,1.83428E+20,1.0478E+14
0x2f3929ae88944c5de0c32d4195ccf3f4475d33f8,1.57243E+22,0,3.03895E+12
0xb5540caf9cce89b7da1f26a4cf54cff48853ae00,2.00009E+24,2.25173E+21,1.32097E+15
0xe12262a16b4796f9b80865af694a9b11f5403905,8.47474E+22,3.49395E+19,3.08778E+13
0xb5727469dfcfdbdcd9592eb1bb3bdcbc50a9da05,4.79531E+23,1.81127E+20,1.6784E+14
0x4443b2230a6ea9acfb35f0aa179ffba6255f3529,4.2834E+23,2.08758E+19,9.14459E+13
0x8a19ac68b010d1b9a840f5a417751fea500db2a8,5.6E+21,0,1.08228E+12
0x02207e9d8a5d6ebfb7a9af66bb63fabed75064eb,1.33728E+22,0,2.58449E+12
0x477d83525f4edef065d59bb631ee836cb06329ab,9.8E+22,2.5815E+19,2.96526E+13
0xf1670877bb06df4f0d74d50153dc4e4ed83c46ed,2.42585E+24,0,4.6883E+14
0x67ba4867a7d80080e6443eebfbb27f90b21c25d8,9E+21,0,1.73938E+12
0x05908bda450cd7a134928b1fcc07527e9b95b7e5,5.9E+23,0,1.14026E+14
0xb7ae3beb06dd402962cef689e7fc6d025ea1028c,1.91861E+23,0,3.70798E+13
0x063ee592f57d9d0762b35d316c4b71fba01302c8,1.76026E+23,1.22968E+20,8.50489E+13
0x10cdedd6346c21a2ebf9e1708b6de16b58d95b15,3.984E+20,0,76996453460
0xb7e88e1635ea56b6a404cb4e97cf4fa6c40dcbeb,4.5661E+23,1.66417E+20,1.57306E+14
0xeb7e82a67cdfa3e742e0f3315fd4eed7b05730cc,1E+21,0,1.93264E+11
0xd05972837f78e347a9de5921c19b9da8b7c6ed59,1E+18,0,193264190
0x96970877656e3dde9ecbd3daf68a64b81ac97100,2.48402E+23,1.63294E+21,7.25647E+14
0x9192b8b8488346ce7da855bab887f1a2ae0a60c4,2.26979E+22,4.1332E+19,2.15387E+13
0x83136f7e8c65dda9dc156c0bacb2e0fff82e56f9,1.61651E+24,7.77038E+20,6.34869E+14
0xfe6fc01bf565fa5181df07f9a2113a1f2ff43949,1.81263E+23,2.26433E+20,1.28997E+14
0x53d64776e99226cf8d41dea1bd5740316f1e0c0d,9.20428E+20,7.42621E+17,4.86059E+11
0x9695b9605abda2ac9ccab701d02332aedaac6721,6.37E+22,0,1.23109E+13
0xe9d2bc9ce7b24ad1bfbf1fbe40ba34db0448bc1d,1E+18,0,193264190
0x2a94732017e32a664475486ee016e40170f9182b,2E+20,0,38652838005
0x9ca18d6146551145f08d298ad3aee517bef05266,2.53778E+23,0,4.90461E+13
0x72bb0de32a815073540125a500047ee48d0561cd,2E+22,0,3.86528E+12
0xe0eb262938ea338b9168cbad7e1f65807e4edc89,1.992E+23,7.26014E+19,6.86264E+13
0xd8621accd0b36fdaaf52051289b072e836fff3c2,9.97857E+22,2.1139E+19,2.80573E+13
0x2c81cce3f18f25f77c2763c6940e53bbe3257415,1.48475E+23,3.16548E+20,1.60056E+14
0xdb774929966716f6b0b054f794db37e4b44db1ea,1.45381E+23,1.967E+18,2.89132E+13
0xe59261f6d4088bcd69985a3d369ff14cc54ef1e5,3E+18,0,579792570.1
0x546c98296b3c9ce7084f669f5ebcc52489b92b70,1.10374E+24,4.93834E+20,4.18244E+14
0x873c030d79bdcc2515c45cd1cce63a52872c7d02,3.022E+21,1.117E+17,6.30398E+11
0x577d2186e4693546b46dcee5f4ae89724fcc4f0c,4.0165E+23,1.54775E+20,1.41853E+14
0x0befd7ecaf8038737438832643f0e51df7abf1e4,1.92349E+23,1.50777E+20,9.97434E+13
0xb530487117d717cd89dad97b62935255e865d159,1E+22,2.56439E+20,1.0835E+14
0x248e8d953dacd5ad20dbca5c9c0697321958a90a,8.10647E+22,1.9683E+19,2.38349E+13
0xac95e9dec056835d88817a8a59a06b1667c515d7,3.71437E+23,2.14592E+20,1.60837E+14
0x7b156c51ab341b56ccc06a5c70bc55e225d8149f,1E+18,0,193264190
0xd710b414f8de8dbbcabaa1fd4d44c1fd6aaf18a1,5.019E+24,3.3471E+20,1.10889E+15
0x151e8ac2720e1d34708e0ac84239acf3e6a15f2a,5.53E+22,0,1.06875E+13
0x9f33a4809aa708d7a399fedba514e0a0d15efa85,3E+21,0,5.79793E+11
0xf0637af0cc4ba2c4980d169c945df24d6dfd101c,1.21768E+21,1E+18,6.50313E+11
0x6a8cfdf197eb48593ac86738b3b23edcd91923c7,2E+23,0,3.86528E+13
0x33102b455040374610044b31ec477644ee454db8,1.992E+23,7.26014E+19,6.86264E+13
0x857b5b7999c1e195221eab4f5f579ef42a06a454,4.614E+23,4.3409E+19,1.07186E+14
0x9c047db97bea96b207c9b17b8cf8a28e7a8b0f82,3.16504E+23,0,6.11689E+13
0xb4a488b072b9d75909d7a7c42da8e03e43e40ac3,1.45855E+23,3.56076E+19,4.2965E+13
0xe5efcfadb91990c1a4c6dec3a6cda4096a213e50,1.67969E+24,1.48435E+21,9.40602E+14
0x4c1f0d8e3c42996234eb31d3537edca682376e8a,1E+18,0,193264190
0xac7df7fdd549838fe0cdaecd1a36335c168d810f,1.19389E+22,5E+18,4.38227E+12
0x1ec8f94b0ef0dc6a9ff923dfdf2523f4456cdffd,2.31593E+22,5.764E+18,6.8678E+12
0x4c2a9d689d257c3519db824a2539c94165783ac3,2.77112E+23,5.05E+20,2.63121E+14
0xa0367bcc3dfb279a234c69d27c323bb09f989b98,2.86178E+22,1.99887E+19,1.38257E+13
0x87f0c169d8acc432acdb5e7d0907322c80ec6621,9.46825E+23,2.20848E+20,2.74635E+14
0x84b6905f943e64d2d896cfcebaee5bf96976ed73,1E+18,0,193264190
0x2a396aaceaca357071de41ba9821f74edef42664,3.45772E+22,9.6114E+18,1.06711E+13
0x186b16e6c7685915e0a06495adb37b8dffddd99e,2.20994E+21,8.05156E+17,7.61226E+11
0x9c8957c3edddda379c7cf4f3c2a487eb1b0f6467,1.01936E+22,2.00869E+19,1.03057E+13
0xd4e3c6723e0e6dc256b858871aa2a76cd1d92f52,5.7282E+22,9.61033E+18,1.50586E+13
0x6f5b595409d68de19f6c782030647f2d11d942e7,3.13E+24,4.35873E+20,7.85796E+14
0xabfed410a94e3aacf3b78fd4f0d03383b53e34f8,3.3E+22,0,6.37772E+12
0xbffadc0f1e9f0e91e792f9761c8799373c357013,8.36749E+23,2.96617E+20,2.84803E+14
0x76bf5d4a2f217ea22aaf2adb5ffed987183c2dc4,1.239E+22,0,2.39454E+12
0xd164e1a50959dedff7c75725324a1c9d455e4606,2.17867E+21,7.41131E+17,7.28613E+11
0x87cee0a9139c1825548c8edaf605b253129968b4,7.11721E+22,8.77E+17,1.41189E+13
0x0dc5be10ec62a3ea25aa5843d2130e89d6227433,1.00165E+24,0,1.93582E+14
0x91310ec1dec7f1a46bf7aa01f42e00cf61cfa055,9.1E+19,1.8374E+16,25211883999
0x462bac1a935d5053ee3a17ab2d73556a9930ce5a,1.4955E+22,6.683E+17,3.1676E+12
0xd74661aa176d4a93d4bba83fef4266e828025a7f,5.56926E+23,0,1.07634E+14
0x23b1f02ac08d722e6eacfca220c88ae1d03be7b2,4.77881E+21,1.56073E+18,1.57125E+12
0x149a0bb4c9988c8f305944f6926363d91a054d8b,2.52976E+23,4.55186E+19,6.77805E+13
0x19719dc01be53ef10dfdc491fc0ad2feab4b1fcd,2.03246E+23,1.25169E+20,9.12226E+13
0xec509f027f480e97a1040331a2570d8806d4b11d,8E+18,0,1546113520
0x0f0214a2c6112b45c598f6d652c4eba3c41f4018,1E+18,0,193264190
0xcc3876120c2dfaf9c404c7c9a9b99b32ffbcf6b4,1.53683E+23,2.36E+17,2.97993E+13
0xeda7964994614469d6736dd2dad0f3c5212af1d2,1.92141E+23,0,3.7134E+13
0x3c233c71e27a7de424192a9ebc843665c6ce18bb,7.5E+23,9.467E+19,1.84234E+14
0x07a6d58cac8d98af26508635815ce1e56458c5a2,2.40519E+24,1.05676E+21,9.03374E+14
0x08aa500c60b91ce4086044e3c402549ba62e3484,2.4798E+22,0,4.79257E+12
0x4d82dd3cdb9acfdb21eb836eac46f8f2d5e0c741,1.0946E+23,8.88557E+19,5.8028E+13
0x119726d92cdb36e9ba2011fe949af8f56513c4e9,1.87324E+22,1.0462E+19,7.96182E+12
0xa233a72ac8572bfe402de54a92bc20620992103c,7.94762E+22,2.34207E+19,2.5079E+13
0x87d9c50b3e774536250f1aba2ab38c54268a18d8,3.67E+22,3.7952E+18,8.66773E+12
0x53c5d255e5941c86f37dbab0c38c662fe86876ac,1.67396E+23,4.3849E+19,5.0548E+13
0x0bc289463b21be0f610d0d6cb4b8a9e679b68c15,3.74572E+23,0,7.23914E+13
0x4ef9c61704e17b67e3aee801421d42f31510dbae,1.6E+19,0,3092227040
0xac714e5088aa4534f1257e2be2110c7e5ac64b02,7.47841E+22,2.25659E+19,2.38175E+13
0xda8d91cb6cb7f2ef66900987aba50ac54d80439c,2.79121E+21,0,5.3944E+11
0xacc87388e55ff12bea590c5608069a90d3f1606a,3.045E+24,1.1255E+20,6.35195E+14
0x453297bf63d36c3678b6ca750793217138f20aa3,2.24601E+22,3.39413E+14,4.34088E+12
0x7e0905fb4e08ebf35ac5586ef78bd0cd0417423e,7.51499E+22,1.09143E+20,5.9816E+13
0xb65ce9c3f7e627f7edb74f2d63d80f73adc621b3,5.19E+23,0,1.00304E+14
0xf3dd20ed69f9da8adf33307f361c4a7567d5dc72,9.91076E+22,8.60094E+19,5.48461E+13
0xfa5727be643dba6599fc7f812fe60da3264a8205,1.002E+21,0,1.93651E+11
0x181429c49e12d2ae8d38606704797e450d52e2ba,1.01942E+22,2.988E+18,3.21013E+12
0x33544b792d93973d201ecc5aab5eac7f37720866,1E+22,3.64467E+18,3.44511E+12
0x1c576f735399e48fc50aa3fddd541d2d89584ec0,2.4475E+22,7.72E+18,7.93378E+12
0x9c5933b31da8b545261d6a35cfe556255ca2e853,2.27445E+22,4.7537E+18,6.36838E+12
0x3f1157bf33aadab5858f03a70431cded92ff08e5,4.6E+23,0,8.89015E+13
0x7f1ef5381b032bb0043eaf59d20c65052910dbae,2.11812E+23,1.78E+17,4.10096E+13
0x7a4510d033986af688a0a8a9ef114d07a7b2a577,5.08899E+22,6.6939E+19,3.76135E+13
0x57b4c9dce17c88423f0f96a6fec291d44017fd57,5.9236E+22,6.7439E+19,3.9434E+13
0xeb3115db67111877f43b8a31d2ba18f199ac8c44,1.56745E+19,0,3029310630
0x2d80e2a0e3ffdac600e29b04f321eeafa5dadbc7,4.42708E+23,0,8.55595E+13
0x5d21ec711d3740f21e48d84152e5ca2eb066bbaa,3.80096E+24,0,7.3459E+14
0x444f5906249a182cebe41f07d47897afa1cf7964,2.41578E+24,0,4.66883E+14
0xcdcbc6228bf11984e240687c59a4c01aadbe7ce3,4.43759E+23,0,8.57628E+13
0x53907b71ee7139d6b515573f870f091dd4fa247e,8.53024E+22,3.10891E+19,2.93873E+13
0x497d6ca44d77e3808cce217bfbb1bce6e7ae2d71,1.655E+23,1.6E+19,3.86249E+13
0xbafaba26d84f48f6e60af5f71ec747b864efd53c,2.2353E+23,3.612E+19,5.81894E+13
0x39f821e9903460062022e9d6f359bbca85d9836d,1.81826E+22,3.9E+18,5.13247E+12
0xc5a214c78f82a3117d204cb8e3bc5c9b3ae97e97,9.78549E+21,0,1.89118E+12
0x17863f9473ce423ba00c9a3b13be3af48b93f531,2.08362E+24,7.2E+19,4.32567E+14
0xc250a5937cb1fdeeceb82da0fbfb4e0ada3257b1,4.26249E+23,1.55255E+20,1.46807E+14
0x73704220ca663d24cc9e7e3e5dc983d6f27b477a,6.14515E+23,9.45E+20,5.1092E+14
0x69878b0673040091941d3f736803c99070a1f6cd,2.76744E+23,1.02041E+20,9.58296E+13
0x15f4e8fefc9444218bed052b5ce3ca9b4dd0718a,2.78842E+21,0,5.38902E+11
0xe784d95cbda57cc9a339a9259aba525a8bacfc68,4.5E+20,0,86968885511
0x39331d3d008ae22ca71cc37d8ed89dc01a3dcc13,3.39422E+24,1.23482E+21,1.16841E+15
0xbc49bdddd4337895a8b913d30b6f29088a8bfb60,3.85815E+23,2.72392E+20,1.87602E+14
0xe8a1d8068d15aba5927d29282d6476b7978ed0c1,1.88508E+24,1.34528E+21,9.22584E+14
0x1da7ea5bd73fd7210909aa81c3b9d9a19b80cb16,6.64478E+22,5.61111E+19,3.6127E+13
0x54b36c1e5e22a985c3673d88c5a1ab8c5ed61399,1.6405E+23,1.49997E+20,9.39508E+13
0x9fa44ea6483d70e99c6b3c402596edf56fd7882c,1.86379E+23,6.26632E+19,6.20243E+13
0x18a428ce0c31584a21cf8cefdb8849d8013e1994,7.31612E+21,2.6664E+18,2.52045E+12
0xdfe243bfc3df05b46b70726718d596c5a61f498e,5.75837E+23,2.09873E+20,1.98382E+14
0x8dbe22bbe59d1779e8966ce0ba47cd5debd46e54,4.7844E+22,1.9361E+19,1.7281E+13
0x6ab5d3e5069326ff4601e77c3651f0c216d7e036,7.3E+23,2.90863E+19,1.53153E+14
0xdb53c7d23fa1b8f971480e133e1ff34f45e15f5b,4.29004E+21,2.16356E+18,1.72695E+12
0xde3831d8755ec44a5eb61757c9e3198eb7f1f871,3.73812E+22,7.05E+18,1.015E+13
0x73c47f0bd5ff1b60a302ed2926394411dcfacbef,6.399E+22,0,1.2367E+13
0x050d24e9c02250e871bbdfc52cfe3dbf8d1a9c25,5E+18,3.5E+17,1.46209E+11
0x7ae2a0914db8bfbdad538b0eac3fa473a0e07843,1E+21,0,1.93264E+11
0x5e32bb66a18e5cdd2d7b220d428261e5f6079cff,3.5E+21,0,6.76425E+11
0x1792e707c7276b804a1a64a5e0c661a5899b29af,5.04869E+23,2.76587E+19,1.09051E+14
0x2369ce21d3d4e8494e6280f21b33fb9374216ab3,4.8471E+23,3.66937E+19,1.08904E+14
0x5391d52546b4e8afeb09591605a386bd36219054,7.93536E+23,2.30048E+20,2.48827E+14
0xf819852c81f6ae73c84143cc71b60949d927b65c,1.315E+22,3.778E+18,4.10922E+12
0x6eef8975c8cb93542071cea0ba178e44673469b9,5.88225E+22,2.14277E+19,2.02604E+13
0xf350d955a0d4a4e0de39978a5a8b838466961e60,1.30488E+22,7.7E+17,2.84141E+12
0x312ad95348611bafb301e661e8e4c8d91d70c691,3.08275E+20,0,59578508611
0x91a2ea93aab40aa7b49218fb4fbd6edafc5f0034,3E+21,0,5.79793E+11
0xa9260481fa35bb5e2e300763c469506600d7a980,2.31536E+22,7.372E+18,7.53399E+12
0xfa46365cd8c1fcb64c50840eea25acfcad0791f1,8.09273E+24,2.792E+21,2.72266E+15
0xd6637a1641e24a8ab3c93d4f724938033f51eabf,3.92437E+23,1.33746E+20,1.31346E+14
0x4de51875c1a58799a0de58fc1049e9c4a83d7ad0,1.7936E+22,6.537E+18,6.17911E+12
0x0def9b4811e4c4e9da5acf82d421c97b5e9c152f,4.41966E+21,0,8.54163E+11
0xd0bb920e3e90dbafa0b5f260d055de957f089c62,8.41E+23,0,1.62535E+14
0x53b5405bd56535472b224065c55be7a3d3f16e98,3.21752E+23,2.84667E+20,1.80314E+14
0x7302333e1d5d4e14cf0ed162d5f5796634616dc2,1E+25,2.915E+18,1.93385E+15
0x3e25247cff03f99a7d83b28f207112234fee73a6,1.7E+23,6.19587E+19,5.85665E+13
0xbca4ad845f0fc316de295dacb033a7ef2902ed0e,4.11E+23,1.49796E+20,1.41594E+14
0x5adbb07b8054cee82294e43688ab059510f5e900,1.22283E+24,2.62782E+20,3.45379E+14
0xf68fc6379d4582619c3ad51f54ef81ad0dc7f981,3.01284E+22,1.9119E+19,1.37567E+13
0xcfc49d2515ea12a059ab4b0f9f53bb2fc731a536,2.67666E+24,3.80265E+21,2.09533E+15
0x7d0caefbe8a6f66aea68389f8cbff9052acd8fd7,7.808E+20,1.555E+17,2.1543E+11
0x4160478bb15e98815697298e114ff79aa76d002d,5.29649E+22,9.0994E+18,1.40123E+13
0x7c1fc7e29b62540f092d73b7ef9fa9558d4df8f2,3.24903E+24,1.12145E+21,1.0933E+15
0xafb24d6ba3f747cd894c65cafe35b123f1ca9cab,4.99385E+24,0,9.65133E+14
0x5781ba401cd4540cf6d4a56af297884030131949,9.5E+22,0,1.83601E+13
0x86e813231678a1b34d72bc03931bc749a06bd40d,3.18E+23,7.4E+18,6.45289E+13
0xa26c2744757a7c7fad021073108d843ece8ba648,3.08401E+23,1.12402E+20,1.06247E+14
0xedb7014286f9711bec29fcb8e329d7f235e282fe,2.867E+23,6.41558E+19,8.20322E+13
0xecff33461f6fa07f62bf7619ad1ccb023de6833c,9.999E+23,0,1.93245E+14
0x28523f9e8e5694523b6536d5b1123e322a3e554a,2.00488E+22,0,3.87472E+12
0x3521835b43b1ad07364220aff4166386880230c7,2.23517E+22,0,4.31979E+12
0x6c46489194bbc861723049b27ee563995b85bba1,4.205E+22,2.6263E+19,1.90254E+13
0x4fac709cc2d0bf3ebba37e908e1693f6413738c0,2.65001E+23,1.38E+20,1.08482E+14
0xa09f9479a535c99885d76c364f9b68ba9ae6a8c8,0,1.6E+19,6.63968E+12
0xee1e8b3b5788b1eb2a73c482298866534a1c61cb,8.229E+23,8.3619E+20,5.06039E+14
0x5270130b2b7e99ab2ec0a8500b1869fe7ec9b794,1.091E+24,0,2.10851E+14
0x2e54e68f422563147fc9438064bb6ba41e42e356,5.1939E+22,1.87E+18,1.0814E+13
0x5c66d7e19445a699c884a84ee39a2b95f6e4f236,1E+18,0,193264190
0x1eeaba9a7eb68ec137be38b0901abfb17a510a39,3.5664E+23,1.108E+19,7.35237E+13
0x67131485a916b02f50006d01cc82b93d2778dc65,3.615E+24,0,6.9865E+14
0x4586abb5c8ed8a6917131fa4db4ce4c78f800e4c,8.27438E+22,0,1.59914E+13
0xabee2e079a4690f3023f25d56533eacff1f49bbf,5E+19,0,9663209501
0x63837d962e53ad465593244849baf24c880e9da8,8.89355E+22,0,1.71881E+13
0x40bfc8f85b1cccda73e99371d9f7d6e8e99c7b0e,1.10052E+22,0,2.12691E+12
0x9ef442ec149dd3bb61b1324209c332a9f2b78e61,0,3.68119E+21,1.52762E+15
0xb4a614256dbc815ba58c33ac4d6089f0b6de9bdf,2.13361E+23,7.2964E+19,7.15136E+13
0x8d1556fc392aa1d921da04fd0a7ae2f561f6a8b7,6.99E+21,0,1.35092E+12
0x898b624d296f0af1bcb2853065b1ac151ebc1ccc,2.96453E+22,0,5.72937E+12
0x32e351b39d9dcc5e292385143530d7f3417da550,2.02598E+23,4.14E+17,3.93268E+13
0xd067bbf6d1f72657716f27135945c8bb78883605,1.00545E+23,6E+20,2.6842E+14
0x0424e057c2d0bc7e58c75975aaf38bf1e598cd49,1.95753E+22,7.1324E+18,6.74301E+12
0x480f2b74be069a75a9196a49553c8cf40e848bfe,1.45222E+22,0,2.80661E+12
0xf15d35d68e67cd2fd6e6fe9268cf210ee45c677d,6.934E+22,2.52657E+19,2.38857E+13
0x598f32d09a13a095b472066c7c77165aff45fe43,4.8841E+22,6.18E+18,1.20038E+13
0x1ade16f938281fbff2bc8fb6c3f537178f6d76b5,2.69781E+23,4.9415E+19,7.26453E+13
0x0a1287977578f888bdc1c7627781af1cc000e6ab,1E+21,0,1.93264E+11
0xd4523feaea290185606b4da9998cc4553f0ad561,6.48495E+20,0,1.25331E+11
0xdddf0f8018c0b83f117debdd98d57e0f54a77aa7,4.49255E+24,3.16447E+21,2.18144E+15
0x6328e811a291b6424a0c858526d46fff7c46d647,2.96154E+22,6.6211E+18,8.47121E+12
0x310eb062f52120e18f2a096e7e9ec07c8116be25,1.34179E+22,1.43733E+19,8.55784E+12
0xede9129da3340414d172b45cbef924a1b500f6e0,1.785E+21,5.92E+17,5.90645E+11
0x701630bfabb78b1607c145bae3af76c52b2c0955,2.13598E+21,3.5E+16,4.27332E+11
0xc0fc76fc589d377e4f8325e24f6d84728e917780,1.953E+23,1.88611E+20,1.16014E+14
0x015ec1fa097ece8cadb1fcb8fafdd3b953b02e49,5.67659E+22,2.55618E+19,2.15784E+13
0xe178ae2ee58f7c85fee8354b1272c5e6ffc41161,5.93058E+23,0,1.14617E+14
0x161fbbe61e224c1aaa9bd0b3444e45af7fff779d,1.595E+22,0,3.08256E+12
0x9cf97a207a0775c6c65f708e988b482d6440e41b,5.99118E+21,1.78085E+18,1.8969E+12
0xe45fd7bef2736dad2d5620052ca37a9603376aea,1.07772E+24,6.90071E+20,4.9465E+14
0x081cbab52e2dbcd52f441c7ae9ad2a3be42e2284,1E+24,0,1.93264E+14
0x51c3be801995abe6d510d4acd6480322a8fe26ba,2.99726E+23,2.41103E+20,1.57979E+14
0x9b4861e73bd3b4bfb1b26fc288a41e7d5271d8a1,1.044E+21,0,2.01768E+11
0x83822f68269e618ddb98d13c5b382332884dbbe8,2.69111E+22,6.1E+18,7.73234E+12
0xa1264689beb901126c8c15dc08d8d435aa2dee4e,2.12148E+21,7.72896E+17,7.30743E+11
0x726277fa11635f0d50fd36e021219b4660225fb9,7.34073E+23,7.45855E+20,4.51385E+14
0x972f0a9e96da7ed8de78947cf6b77f70ed909ddb,8.18E+22,0,1.5809E+13
0x7dc4d034502f296ade5ce0c7396087b9940c7e17,4.9E+21,1.78E+18,1.68566E+12
0xbf5dfc355d21ae88c80fa15e84e7c0287fbcd328,8.68215E+22,2.45898E+19,2.69838E+13
0x6508cf6ff0bdf6865f8760cfb007edc2ecfbe5bc,5.32043E+23,2.9329E+19,1.14996E+14
0xa8ed90c4c6d9eec89ebc73024a8c263eeb41da60,2.2725E+22,6.695E+18,7.17022E+12
0x476707bbf45b782ca86f7df40f8b07274ac990cd,9.2E+23,8.11319E+18,1.8117E+14
0x6fad4e7cd7fd66757f8e0a3b8227116377dc2c9c,2.35566E+23,2.1938E+19,5.46303E+13
0xb62d0f26cee350c515191a53b6531cfc5ba323f9,4.65018E+22,7.7265E+18,1.21935E+13
0x5b2bc1809302238ac65ed9bb824437a4a6b979a5,9.90938E+23,4.217E+19,2.09013E+14
0x9cb9a822209f544ac1fad4494d99e2adafed1d94,3.2388E+24,1.087E+20,6.71051E+14
0x3eae1403f114c5ed1bc64ad120420b7bbe286071,9E+20,0,1.73938E+11
0x96bef12ef51c33df12a6dd137e687ea316f93091,1.56618E+22,3.918E+18,4.65276E+12
0x91fc7d653a8d2e5bba9a84f8fd057f85a5fe7aa7,5.84586E+21,0,1.12979E+12
0xbcd96fe2ea923edd3b6c9657a216c6d5574b3ae0,1E+24,0,1.93264E+14
0xd93e82b9969cc9a016bc58f5d1d7f83918fd9c79,4E+20,0,77305676010
0x50d84a38eed106d692840a20a20aba6df6890d52,2.27329E+22,0,4.39346E+12
0x892a59e8e12c3f85c8108f9b14c84f8ae6c56d32,2.25114E+24,1.57626E+20,5.00477E+14
0xc49f2f72d1e59e5f52d13e1c86f563d85b3db1fd,1.066E+22,1.0205E+18,2.48368E+12
0x0cf776d57e0223f47ed3a101927bb78d41ad8a13,2.23017E+23,8.57513E+19,7.86863E+13
0x850c3f267fdb0d9a1a93354ccc107a2d08c0d4cd,6E+18,0,1159585140
0x14f8680954cd0b4f31111aebf3b2e20e953aac5d,3.06235E+23,7.14342E+19,8.8828E+13
0x13783f40743729a5180a200a07dd8c6c0ea14bb6,4.89716E+23,5.02994E+20,3.03377E+14
0x513921f8bef694c7a2957e9a368e3098b179a614,1.45327E+23,9.6143E+17,2.84855E+13
0xd0358eeca4a708224f1594bbaabaf0e071d5132f,2.034E+24,0,3.93099E+14
0x6a4535fa9e16eb3c9102fc59e91102b1643248c8,5.46E+23,9.4E+18,1.09423E+14
0x9007182b4223fe90cdd00a4b3353aa67a230a735,1.57241E+23,6.053E+19,5.55078E+13
0x6e9dcc05c020172e35aaa8f394cf414ef8f23cf6,3.13557E+23,1.14281E+20,1.08024E+14
0x851d0b422a47d44650ee247f6cd6a6e37331d94c,2.18478E+23,2E+17,4.2307E+13
0x05fe6c2e4bda41f00f24c6b449734c2415fdcda9,8.15E+23,5.6E+19,1.80749E+14
0x362eae279e50fb03b1c0a0a369c6da6b12a5b919,1E+18,0,193264190
0xdd6e73730ab61dd74de048b5346a61f0cb645700,4.80487E+22,3.53565E+19,2.39583E+13
0xe2a238e4c6cbef7483199df5b82e112fdac21da7,7.5E+21,9E+17,1.82296E+12
0xa9c124dd74d0fed6a7f6bfbcefbd5703e853bcf3,4.7325E+22,6.7972E+18,1.19669E+13
0xc1c3d0cd8c23bdec19b7f8d2601cc3b3b35c2629,3.78207E+24,3.817E+13,7.30938E+14
0x96497526150174f946baa57a22558e70e4235517,3.00299E+23,7.85014E+19,9.06136E+13
0xf8a22b371161d63b1a17f0aace7a953df3ebed80,1.68869E+21,5.02898E+17,5.35056E+11
0x65f9880279b5301f461b0f8d2a665787e779fa35,4.00221E+23,0,7.73483E+13
0x99934615148074b7d4202ae8c371bcaa23b0a843,3.7E+22,1.34852E+19,1.27469E+13
0xa533b6772593ce2a4519beed6b7dff0c69f17374,4.41321E+24,1.55666E+21,1.4989E+15
0x819833b76649ef57d84c2ae667c81ee34da9b512,5.14086E+21,1.8666E+18,1.76815E+12
0x1d685424dd0807dfdfebd7f887b855a875e118f2,9.12643E+19,4.64E+20,1.92568E+14
0x52a99cc5cb2925104648e9fcdf8625e341fb348c,1E+24,0,1.93264E+14
0xd4ad220e09fb7c7663af22dabd02f1c303b2ad39,6.62E+23,0,1.27941E+14
0xdedecb27539ab653feb95b05c8420a9d5d9e554e,4.4878E+22,0,8.67331E+12
0x1472dcfde6312b9306be95ac98cd59a4e1f39b72,5.64436E+24,0,1.09085E+15
0x79a8ae72102ec9ef2c48d5ccf851646aaa2e8525,5.95E+23,0,1.14992E+14
0x9f94db5c889e7304663b72b395c0a35506eaf4af,1.75E+23,0,3.38212E+13
0x31a0afe966205539269b1d4cf5e4cb580950aa9e,2.0667E+23,7.53243E+19,7.12E+13
0x103152b1fe48c9ea3edcbbdb028e8e8498040bc5,1E+20,0,19326419002
0xb57ddc186c1afe6be1e05d4f2ec339ff03876c7d,6.16027E+23,1.8189E+13,1.19056E+14
0xf2f3fafedebe0dc1e93ddfffd769c9f0ff7b7a71,3.91493E+18,0,756616517.6
0x654535cf96bd6b97107701eba5ee123a97fe3430,8.58582E+22,1.5368E+19,2.29707E+13
0x5e2ea6f2d48fb282cb71f71151ca678526fea8cc,8.77548E+22,8.8019E+19,5.3486E+13
0xeca0116c9dcef5c65e9c9f0d7172c43a9be681ca,3.4E+23,0,6.57098E+13
0x795c4f87a2066470679111b5b6fe8f247734ea31,6.00352E+18,0,1160265466
0x0cd3f580ee47ecb18930c81bd8ab2b539b4ce3b2,9.1E+21,0,1.7587E+12
0x3c6d95527f6843c91602e91e97e6133311436508,1.1629E+22,0,2.24747E+12
0x6ed5b4a55f294ed175a51f049d911b8c22b60079,2.27815E+23,6.68505E+19,7.177E+13
0x0ec1daea7f40bce5c522c7458596abb3092ff9e2,2.87447E+22,6.57757E+18,8.28487E+12
0x18c30cc8b8411f35f5fc1b5ea3f76567afd61aa5,2.44899E+24,1.074E+20,5.17871E+14
0x586970b8fc75f519cfc9675314a11ca36d605a13,2.98388E+22,0,5.76677E+12
0x0e55c72781acd923c4e3e7ad9bb8363de15ef204,4.00136E+20,0,77332044269
0xd7d7cb9b4c75e28e2c86dc8e789232e26fa7dfa7,1.42818E+22,5.6489E+18,5.10435E+12
0xa116bf19fdb9e91d5fc400abff91bc485bfe8b29,9.04619E+22,1.64E+17,1.75511E+13
0xdd99d5aee27d6e47a0b538f1e2f9104f7c60000a,8E+18,0,1546113520
0xdf803eb84ed6ff54a46818825b58adbc40d812f3,1.44165E+24,9.89965E+20,6.89435E+14
0x8a40da117a3f1f2d95cdfb1dcf3cf477a2b70ae5,3.11E+22,1.31975E+19,1.14872E+13
0x278bd76ef225eb7c72155251a7071a6567ba4bd4,6.64038E+22,1.06E+19,1.72323E+13
0x853b3c155ce9f58d53d8361ec200274d11071398,1.5882E+23,5.7556E+19,5.45788E+13
0x5b63cec873f98e50062541eb136567f0462bfc54,5.2558E+22,6.25E+18,1.27512E+13
0xf4b88608ba19df20815015df57acc9328f1ee2f3,1.5E+24,0,2.89896E+14
0xa16eb6a11676341c07b50d78917a37a421caec2f,8E+18,0,1546113520
0x3b4bf02cc9054c2f36acd23d042020d80bce6034,2.86376E+20,0,55346312011
0x88a39b052d477cfde47600a7c9950a441ce61cb4,1E+21,0,1.93264E+11
0xd625b46dbcf7d4d4639312acc0518facc2338f7b,1.02894E+24,8.88762E+19,2.3574E+14
0x6af2c466ad49ec17412c3b51a7cc759cfbddebb9,1.97647E+23,3.4E+19,5.23075E+13
0xe853955ebb69f9744258a5554b4fda7b7d502105,1.0535E+24,0,2.03604E+14
0x0f6150957a2eaee017ec52e2cbcba56854d08d2a,1.1799E+24,0,2.28032E+14
0xeb965ad19588f48f805465d25c6ae0aa60a46398,1.21E+23,2.9847E+18,2.46236E+13
0xa5bb292801bd357cd8f19e47fd4d44deb7396bd4,1.47269E+24,1.30463E+21,8.26012E+14
0x011e3d8a6146849c628207284f64d35dfa52de06,7.98956E+22,1.70412E+19,2.25127E+13
0x7b4f36be233bb45d3020ebbfba7144d6309f6104,1.01284E+19,0,1957463844
0x68a0e137814cdb50e445824ef6af5a5bf9b8bd8d,2.128E+21,0,4.11266E+11
0x9e6d8f604f0710e91148b8be62efa2f0d0aa6fdb,3.50011E+24,1.7047E+21,1.38386E+15
0x0533916aa9221ce7b112c7d88083c782ec42ce5d,8.08336E+21,5.66687E+18,3.91386E+12
0x178d8546c5f78e01133858958355b06ec3406a1a,3.35499E+23,3.5E+19,7.93642E+13
0x3514e887b79852b89d1cc05276b4ab31047c641f,8E+21,0,1.54611E+12
0xb70601144b469a495c7ee4dc49a859283d19868d,2.01772E+23,7.05638E+19,6.82778E+13
0x579224938415d56f8616f7583765b7c73c7b0610,2.26859E+23,1.43798E+20,1.03517E+14
0xbc6e0fbd9c9854fede1a7d7b218da852a364a942,1.18437E+23,1E+19,2.70394E+13
0x0f25837044826d0d20a6f0a2b08ffe924e2d012f,1.81127E+23,7.7139E+19,6.70164E+13
0x5ebdfe236a8a75cc379ac2ad8cd754ee38297477,1.9005E+21,0,3.67299E+11
0x90b1162aad277cf3de9b5df69719bea1793d0892,2.12932E+23,1.481E+18,4.17668E+13
0x193cd2fb8a6610d2e6cc797890ee430de92e5b26,5.26461E+23,8.3533E+19,1.36411E+14
0xe33ca1c5690bf537b5aba3e026eda704e9c75b07,1.02718E+17,0,19851619.27
0xe4a9a79d776f375a0de93c7335e8013dbdc4f587,1.6E+19,0,3092227040
0xc84485f8119723f18182699e73ac942c7456e3c4,1.98697E+23,3.84687E+19,5.43648E+13
0x62bbf67f98b2b4a7db12a7a5226981b04f2da702,6.56E+23,1.531E+19,1.33135E+14
0x524a88a05e02cfb61429e0b3c2ecb8c4e532ea61,6.55892E+22,1.45556E+19,1.87163E+13
0x17dbdff445f9b59f8b1e231e9a499443276cb416,2.42282E+22,7.08236E+18,7.62148E+12
0xb25165e01a7d74b72794855404a9a422c2b97426,1.5139E+23,5.5176E+19,5.21552E+13
0xc4be38e6cd90977059a2e9632fa5121017f6528e,2.88838E+21,1.05178E+18,9.94687E+11
0xcbb01fbfc80dc4e7242fa5bb25581b6f0b2a503e,4.3E+21,0,8.31036E+11
0x22b7daf3f356462c196bc99a471d11e1ea0b16b6,2.31486E+22,7.347E+18,7.52266E+12
0x3986befb9c8d477e4295436875c0b14102beac92,1.4E+19,0,2705698660
0x75e8b62bbbe007fafd8ad9d3018d3bc8f5772403,3E+21,0,5.79793E+11
0xa57e5e748bb4ba9c74ddca7d0f31d3ab9af31ae0,8.08674E+21,5.52E+18,3.85357E+12
0x1870135cf59bb056c732b86c21920317efcc3518,6E+21,0,1.15959E+12
0x8496ab98601f4200f0617eb5c634761cdfc1fe84,2.72038E+22,5E+17,5.46501E+12
0x62b775368126b9e2e9da0172b252e11ae2e73263,4.9E+19,0,9469945311
0x761c178c62e221dea6d7f411c6c5e36f8e59df69,2.00061E+21,1E+18,8.01626E+11
0x1da47b74e5ba7e9c7b0ac14e23988913607954ce,1.17712E+23,1.83772E+20,9.90111E+13
0x2ab006819d56236a827a4799a93cc0f4474ec577,5.778E+23,0,1.11668E+14
0xd44eaeb6d0921b00d090ffeb37e6eafb54d0a580,2.988E+19,0,5774734010
0xf32a403a1dc01eb44b6aad0ff1c31aaff62bce30,5.86447E+23,1.67683E+20,1.82924E+14
0xcdee11332606f67b34ae210f5dd933f5e37c88eb,5.01E+22,2.7349E+19,2.10318E+13
0xa02f873cc0cc3c573c3512672164d9e723c8d699,9.08187E+22,9.65018E+19,5.75983E+13
0xb96b4429d522a210ecc3d1b2d3b0f4026588c340,1E+23,0,1.93264E+13
0xd3c156703591d155ee5002977cd0182b06e7172d,4.78157E+22,3.63459E+19,2.43239E+13
0x7350e52d35f39572069f22ae7c3fa6090bcb88f0,2.99515E+21,4.22E+20,1.757E+14
0x1be8ce85d5763e67b37a0817fd99a33ce9b83800,1.48931E+24,5.42797E+20,5.1308E+14
0x7f382ed964cb464931938cb8cf6a7babaff72e90,2.0208E+23,1.23E+19,4.4159E+13
0xa05c32ace8d81a7f16559b310b17f59be105f9dd,6.2011E+23,6.6187E+19,1.47311E+14
0xa45f9b4180a803e2c44050083c8e9bc164d273ca,6.81213E+22,0,1.31654E+13
0x2d831cb8963ec6ba7ac09593359a4beb59b7b891,1.442E+22,0,2.78687E+12
0x3d993e447786032d8d0d1129d56bc1b344142afb,8.139E+23,0,1.57298E+14
0x984cfc43f7081613afe6139ff1d533b7b5e0e025,9.67E+23,0,1.86886E+14
0xc517caed2343e86bf09f9fcd0e69af51993d924d,2E+18,0,386528380
0x4d42d04cfde176ccadc86ebaed18dbf248526255,1.35922E+23,2.4859E+19,3.65849E+13
0x97de953cde13fd813ac6bf8e3ad8735cc18a74b7,3.04531E+24,0,5.8855E+14
0x5dd68958e07cec3f65489db8983ad737c37e0646,2.30499E+24,8.40086E+20,7.94091E+14
0x29eceeafdfff73e125c2fb93cde3e6bb6f1b602c,3.17413E+22,2.65649E+19,1.71584E+13
0x92df38db6a02f00a4f3e825ee55483d14cfd37b0,8.27541E+22,1.64E+17,1.60615E+13
0xc1c8f6ef43b39c279417e361969d535f2a20b92e,7.72794E+23,7.23848E+20,4.49736E+14
0x9c96e543b2e2d5854f9cbff4221dae111af472ee,2.6E+22,3.0422E+18,6.28732E+12
0x0e94f579ced169c40b5562db55472943a4157727,3.0397E+23,5.47849E+19,8.14812E+13
0x0e085f5400177ff12cd455419a477f5e4d4076b0,9.63978E+21,2.4065E+18,2.86167E+12
0x7a30e64ef6d0e802607a3b64b120f864f1e4f7e6,1.98E+23,7.2E+19,6.81449E+13
0xa1c12e9cc1521fa15c58b60d3eacf6c63786c001,5.2757E+23,6.44245E+19,1.28695E+14
0xcb1bedf29b61c1448f57a8805b401d91cff5e7ca,9E+18,0,1739377710
0xf1896a250e2bf4e751bafe29a8317a565d1c37bf,1E+18,0,193264190
0x9ae643f37fd8b5a754949905d912de06e4a5a04b,2.51807E+23,1.20584E+20,9.87054E+13
0xe7f4dbab83e7bc844b3c196dbb32382d1a7e0142,4.46359E+22,1E+19,1.27763E+13
0x93613b142517290a52b1843db54000c5f8d0acab,3.48176E+22,6.3744E+17,6.99353E+12
0xa767f06faed20d35db46247e3681fede7ca70196,1.21998E+22,4.44632E+18,4.20291E+12
0x8dc6217f3bce427bd32b8fa7f3acbb73b69dcd96,1.35117E+23,0,2.61132E+13
0x14a2a2eb1977e82e2c8258c6c7ac850817b09b9e,1.14136E+23,1.05279E+20,6.5747E+13
0x61fd367a11f9b1535897e91c065e7a264c5ee6e3,7.45075E+21,0,1.43996E+12
0xfe7a88ec995863d296b66dfa52a3b2adce4e27d0,1.6E+19,0,3092227040
0x4c8accd7324dcbcfa855450ee3fbd1ebf4b9159d,3E+19,1.715E+17,76966997440
0x594bfcb2151c5866be4a87cadb23888f46f7c29a,0,2.3E+16,9544540233
0x2cdc001ea87149210328d292cc84c250b4995dc2,2.16915E+23,1.3925E+19,4.77005E+13
0xae60a3f8dc9444b798cc4eabffb3cfb887e7e7e0,9.006E+22,1.78E+17,1.74792E+13
0x20ce6a8f48c3c761378659bece90c8552fb28709,0,2.8778E+20,1.19423E+14
